UPC/EAN (GTIN),Master Box #,Style Name,Size,Quantity,FNSKU,Amazon Labels,Referencia,Box,Style #,UPC,EAN,DONE
453901,Box 1 - ARIZONA EVA WHITE 37,ARIZONA EVA WHITE,37,12,X004IXFTO3,FBA19QHGWM04U000501,453901,1,129443,886454424865,4052001424862,False
453901,Box 2 - ARIZONA BF BLACK 44,ARIZONA BF BLACK,44,12,X0049PN01T,FBA19QHGWM04U000001,453901,2,51791,736399035445,4013871035442,False
453901,Box 3 - SET ASIDE (NO VA A AMAZON) - BOSTON LEVE OYSTER 43,BOSTON LEVE OYSTER,43,8,,SET ASIDE,453901,3,1031623,192762967537,4067707730865,False
453901,Box 4 - ARIZONA BF BLACK 39,ARIZONA BF BLACK,39,12,X0052EHV6B,FBA19QHGWM04U000073,453901,4,51791,736399020274,4013871020271,False
453901,Box 5 - SET ASIDE (NO VA A AMAZON) - ARIZONA SB EVA SURF GREEN 41,ARIZONA SB EVA SURF GREEN,41,8,,SET ASIDE,453901,5,1029744,192762526147,4067707144709,False
453901,Box 6 - SET ASIDE (NO VA A AMAZON) - ARIZONA BFBC GRAY TAUPE 38,ARIZONA BFBC GRAY TAUPE,38,12,,SET ASIDE,453901,6,1032019,192763097530,4067707903382,False
453901,Box 7 - SET ASIDE (NO VA A AMAZON) - BOSTON LEVE OYSTER 40,BOSTON LEVE OYSTER,40,8,,SET ASIDE,453901,7,1031623,192762967445,4067707730742,False
453901,Box 8 - ARIZONA BFBC MOCCA 37,ARIZONA BFBC MOCCA,37,12,X004WEFBWX,FBA19QHGWM04U000389,453901,8,151181,809410059161,4040714059167,False
453901,Box 9 - BOSTON EVA BLACK 38,BOSTON EVA BLACK,38,12,X004IX4R9V,FBA19QHGWM04U000548,453901,9,127103,886454652473,4052001652470,False
453901,Box 10 - ARIZONA BFBC MOCCA 40,ARIZONA BFBC MOCCA,40,12,X004WEF0PL,FBA19QHGWM04U000423,453901,10,151181,809410059192,4040714059198,False
453901,Box 11 - ARIZONA EVA BLACK 44,ARIZONA EVA BLACK,44,8,X004IWYKL7,FBA19QHGWM04U000540,453901,11,129421,886454426517,4052001426514,False
453901,Box 12 - ARIZONA EVA BLACK 44,ARIZONA EVA BLACK,44,8,X004IWYKL7,FBA19QHGWM04U000541,453901,12,129421,886454426517,4052001426514,False
453901,Box 13 - BOSTON NU OILED HABANA 41,BOSTON NU OILED HABANA,41,8,X005BB9KOB,FBA19QHGWM04U000467,453901,13,860131,809410438171,4040714438177,False
453901,Box 14 - BOSTON EVA EGGSHELL 38,BOSTON EVA EGGSHELL,38,12,X004IXJK2P,FBA19QHGWM04U000312,453901,14,1027382,192761925293,4066648349549,False
453901,Box 15 - ARIZONA BF BLACK 41,ARIZONA BF BLACK,41,12,X0052EKNM5,FBA19QHGWM04U000115,453901,15,51791,736399021240,4013871021247,False
453901,Box 16 - BOSTON EVA BLACK 39,BOSTON EVA BLACK,39,12,X004IX7WLL,FBA19QHGWM04U000552,453901,16,127103,886454652480,4052001652487,False
453901,Box 17 - ARIZONA BFBC MOCCA 40,ARIZONA BFBC MOCCA,40,12,X004WEF0PL,FBA19QHGWM04U000424,453901,17,151181,809410059192,4040714059198,False
453901,Box 18 - SET ASIDE (NO VA A AMAZON) - ARIZONA SB EVA SURF GREEN 40,ARIZONA SB EVA SURF GREEN,40,12,,SET ASIDE,453901,18,1029744,192762526116,4067707144662,False
453901,Box 19 - ARIZONA EVA BLACK 43,ARIZONA EVA BLACK,43,8,X004IXFTDJ,FBA19QHGWM04U000530,453901,19,129421,886454426500,4052001426507,False
453901,Box 20 - ARIZONA EVA BLACK 42,ARIZONA EVA BLACK,42,12,X004IX6XQV,FBA19QHGWM04U000523,453901,20,129421,886454426494,4052001426491,False
453901,Box 21 - ARIZONA BFBC MOCCA 41,ARIZONA BFBC MOCCA,41,12,X0052HPEVR,FBA19QHGWM04U000263,453901,21,151181,809410059208,4040714059204,False
453901,Box 22 - SET ASIDE (NO VA A AMAZON) - ARIZONA SB EVA SURF GREEN 41,ARIZONA SB EVA SURF GREEN,41,8,,SET ASIDE,453901,22,1029744,192762526147,4067707144709,False
453901,Box 23 - ARIZONA BFBC MOCCA 41,ARIZONA BFBC MOCCA,41,12,X0052HPEVR,FBA19QHGWM04U000264,453901,23,151181,809410059208,4040714059204,False
453901,Box 24 - ARIZONA BFBC MOCCA 41,ARIZONA BFBC MOCCA,41,12,X0052HPEVR,FBA19QHGWM04U000265,453901,24,151181,809410059208,4040714059204,False
453902,Box 1 - ARIZONA BFBC MOCCA 39,ARIZONA BFBC MOCCA,39,12,X004WEBIS9,FBA19QHGWM04U000238,453902,1,151181,809410059185,4040714059181,False
453902,Box 2 - ARIZONA BF BLACK 39,ARIZONA BF BLACK,39,12,X0052EHV6B,FBA19QHGWM04U000074,453902,2,51791,736399020274,4013871020271,False
453902,Box 3 - ARIZONA BFBC MOCCA 38,ARIZONA BFBC MOCCA,38,12,X004QNRIK3,FBA19QHGWM04U000398,453902,3,151181,809410059178,4040714059174,False
453902,Box 4 - ARIZONA BFBC MOCCA 40,ARIZONA BFBC MOCCA,40,12,X004WEF0PL,FBA19QHGWM04U000425,453902,4,151181,809410059192,4040714059198,False
453902,Box 5 - ARIZONA BFBC MOCCA 39,ARIZONA BFBC MOCCA,39,12,X004WEBIS9,FBA19QHGWM04U000239,453902,5,151181,809410059185,4040714059181,False
453902,Box 6 - SET ASIDE (NO VA A AMAZON) - ARIZONA BFBC GRAY TAUPE 40,ARIZONA BFBC GRAY TAUPE,40,12,,SET ASIDE,453902,6,1032019,192763097592,4067707903467,False
453902,Box 7 - ARIZONA BF BLACK 42,ARIZONA BF BLACK,42,12,X0049PUDY1,FBA19QHGWM04U000349,453902,7,51791,736399023275,4013871023272,False
453902,Box 8 - ARIZONA BF BLACK 39,ARIZONA BF BLACK,39,12,X0052EHV6B,FBA19QHGWM04U000075,453902,8,51791,736399020274,4013871020271,False
453902,Box 9 - ARIZONA BFBC MOCCA 41,ARIZONA BFBC MOCCA,41,12,X0052HPEVR,FBA19QHGWM04U000266,453902,9,151181,809410059208,4040714059204,False
453902,Box 10 - ARIZONA BF BLACK 39,ARIZONA BF BLACK,39,12,X0052EHV6B,FBA19QHGWM04U000076,453902,10,51791,736399020274,4013871020271,False
453902,Box 11 - SET ASIDE (NO VA A AMAZON) - ARIZONA BFBC GRAY TAUPE 40,ARIZONA BFBC GRAY TAUPE,40,12,,SET ASIDE,453902,11,1032019,192763097592,4067707903467,False
453902,Box 12 - BOSTON NU OILED HABANA 41,BOSTON NU OILED HABANA,41,8,X005BB9KOB,FBA19QHGWM04U000468,453902,12,860131,809410438171,4040714438177,False
453902,Box 13 - BOSTON EVA EGGSHELL 38,BOSTON EVA EGGSHELL,38,12,X004IXJK2P,FBA19QHGWM04U000313,453902,13,1027382,192761925293,4066648349549,False
453902,Box 14 - ARIZONA BFBC MOCCA 40,ARIZONA BFBC MOCCA,40,12,X004WEF0PL,FBA19QHGWM04U000426,453902,14,151181,809410059192,4040714059198,False
453902,Box 15 - ARIZONA BF BLACK 39,ARIZONA BF BLACK,39,12,X0052EHV6B,FBA19QHGWM04U000077,453902,15,51791,736399020274,4013871020271,False
453902,Box 16 - SET ASIDE (NO VA A AMAZON) - ARIZONA SB EVA SURF GREEN 40,ARIZONA SB EVA SURF GREEN,40,12,,SET ASIDE,453902,16,1029744,192762526116,4067707144662,False
453902,Box 17 - BOSTON NU OILED HABANA 42,BOSTON NU OILED HABANA,42,8,X005BB6D87,FBA19QHGWM04U000473,453902,17,860131,809410438188,4040714438184,False
453902,Box 18 - ARIZONA BFBC MOCCA 38,ARIZONA BFBC MOCCA,38,12,X004QNRIK3,FBA19QHGWM04U000399,453902,18,151181,809410059178,4040714059174,False
453902,Box 19 - ARIZONA BF BLACK 42,ARIZONA BF BLACK,42,12,X0049PUDY1,FBA19QHGWM04U000350,453902,19,51791,736399023275,4013871023272,False
453902,Box 20 - ARIZONA BF BLACK 39,ARIZONA BF BLACK,39,12,X0052EHV6B,FBA19QHGWM04U000078,453902,20,51791,736399020274,4013871020271,False
453902,Box 21 - ARIZONA BFBC MOCCA 41,ARIZONA BFBC MOCCA,41,12,X0052HPEVR,FBA19QHGWM04U000267,453902,21,151181,809410059208,4040714059204,False
453902,Box 22 - ARIZONA BF BLACK 39,ARIZONA BF BLACK,39,12,X0052EHV6B,FBA19QHGWM04U000079,453902,22,51791,736399020274,4013871020271,False
453902,Box 23 - ARIZONA BF BLACK 44,ARIZONA BF BLACK,44,12,X0049PN01T,FBA19QHGWM04U000002,453902,23,51791,736399035445,4013871035442,False
453902,Box 24 - ARIZONA BF BLACK 43,ARIZONA BF BLACK,43,12,X0052EJCIV,FBA19QHGWM04U000141,453902,24,51791,736399027594,4013871027591,False
453903,Box 1 - SET ASIDE (NO VA A AMAZON) - BOSTON NU OILED HABANA 43,BOSTON NU OILED HABANA,43,8,,SET ASIDE,453903,1,860131,809410438195,4040714438191,False
453903,Box 2 - ARIZONA BF BLACK 42,ARIZONA BF BLACK,42,12,X0049PUDY1,FBA19QHGWM04U000351,453903,2,51791,736399023275,4013871023272,False
453903,Box 3 - SET ASIDE (NO VA A AMAZON) - ARIZONA SB EVA SURF GREEN 41,ARIZONA SB EVA SURF GREEN,41,8,,SET ASIDE,453903,3,1029744,192762526147,4067707144709,False
453903,Box 4 - ARIZONA BF BLACK 42,ARIZONA BF BLACK,42,12,X0049PUDY1,FBA19QHGWM04U000352,453903,4,51791,736399023275,4013871023272,False
453903,Box 5 - ARIZONA EVA WHITE 41,ARIZONA EVA WHITE,41,12,X004IX8D87,FBA19QHGWM04U000513,453903,5,129443,886454424902,4052001424909,False
453903,Box 6 - ARIZONA BF BLACK 39,ARIZONA BF BLACK,39,12,X0052EHV6B,FBA19QHGWM04U000080,453903,6,51791,736399020274,4013871020271,False
453903,Box 7 - ARIZONA BF BLACK 42,ARIZONA BF BLACK,42,12,X0049PUDY1,FBA19QHGWM04U000353,453903,7,51791,736399023275,4013871023272,False
453903,Box 8 - ARIZONA BF BLACK 44,ARIZONA BF BLACK,44,12,X0049PN01T,FBA19QHGWM04U000003,453903,8,51791,736399035445,4013871035442,False
453903,Box 9 - ARIZONA BFBC MOCCA 39,ARIZONA BFBC MOCCA,39,12,X004WEBIS9,FBA19QHGWM04U000240,453903,9,151181,809410059185,4040714059181,False
453903,Box 10 - ARIZONA BF BLACK 42,ARIZONA BF BLACK,42,12,X0049PUDY1,FBA19QHGWM04U000354,453903,10,51791,736399023275,4013871023272,False
453903,Box 11 - ARIZONA BFBC GRAY TAUPE 43,ARIZONA BFBC GRAY TAUPE,43,8,X005BBGBY3,FBA19QHGWM04U000344,453903,11,1032019,192763097684,4067707903580,False
453903,Box 12 - ARIZONA BFBC MOCCA 39,ARIZONA BFBC MOCCA,39,12,X004WEBIS9,FBA19QHGWM04U000241,453903,12,151181,809410059185,4040714059181,False
453903,Box 13 - ARIZONA BF BLACK 42,ARIZONA BF BLACK,42,12,X0049PUDY1,FBA19QHGWM04U000355,453903,13,51791,736399023275,4013871023272,False
453903,Box 14 - BOSTON EVA EGGSHELL 40,BOSTON EVA EGGSHELL,40,12,X004IWTJXV,FBA19QHGWM04U000318,453903,14,1027382,192761925354,4066648349624,False
453903,Box 15 - ARIZONA BFBC MOCCA 39,ARIZONA BFBC MOCCA,39,12,X004WEBIS9,FBA19QHGWM04U000242,453903,15,151181,809410059185,4040714059181,False
453903,Box 16 - ARIZONA BFBC MOCCA 38,ARIZONA BFBC MOCCA,38,12,X004QNRIK3,FBA19QHGWM04U000400,453903,16,151181,809410059178,4040714059174,False
453903,Box 17 - SET ASIDE (NO VA A AMAZON) - ARIZONA SB EVA SURF GREEN 41,ARIZONA SB EVA SURF GREEN,41,8,,SET ASIDE,453903,17,1029744,192762526147,4067707144709,False
453903,Box 18 - ARIZONA BF BLACK 44,ARIZONA BF BLACK,44,12,X0049PN01T,FBA19QHGWM04U000004,453903,18,51791,736399035445,4013871035442,False
453903,Box 19 - ARIZONA BF BLACK 42,ARIZONA BF BLACK,42,12,X0049PUDY1,FBA19QHGWM04U000356,453903,19,51791,736399023275,4013871023272,False
453903,Box 20 - SET ASIDE (NO VA A AMAZON) - ARIZONA BFBC GRAY TAUPE 38,ARIZONA BFBC GRAY TAUPE,38,12,,SET ASIDE,453903,20,1032019,192763097530,4067707903382,False
453903,Box 21 - ARIZONA BF BLACK 39,ARIZONA BF BLACK,39,12,X0052EHV6B,FBA19QHGWM04U000081,453903,21,51791,736399020274,4013871020271,False
453903,Box 22 - ARIZONA BF BLACK 39,ARIZONA BF BLACK,39,12,X0052EHV6B,FBA19QHGWM04U000082,453903,22,51791,736399020274,4013871020271,False
453903,Box 23 - ARIZONA BF BLACK 39,ARIZONA BF BLACK,39,12,X0052EHV6B,FBA19QHGWM04U000083,453903,23,51791,736399020274,4013871020271,False
453903,Box 24 - ARIZONA BF BLACK 42,ARIZONA BF BLACK,42,12,X0049PUDY1,FBA19QHGWM04U000357,453903,24,51791,736399023275,4013871023272,False
453904,Box 1 - ARIZONA BF BLACK 39,ARIZONA BF BLACK,39,12,X0052EHV6B,FBA19QHGWM04U000084,453904,1,51791,736399020274,4013871020271,False
453904,Box 2 - ARIZONA BF BLACK 39,ARIZONA BF BLACK,39,12,X0052EHV6B,FBA19QHGWM04U000085,453904,2,51791,736399020274,4013871020271,False
453904,Box 3 - ARIZONA BFBC MOCCA 37,ARIZONA BFBC MOCCA,37,12,X004WEFBWX,FBA19QHGWM04U000390,453904,3,151181,809410059161,4040714059167,False
453904,Box 4 - ARIZONA BFBC GRAY TAUPE 43,ARIZONA BFBC GRAY TAUPE,43,8,X005BBGBY3,FBA19QHGWM04U000345,453904,4,1032019,192763097684,4067707903580,False
453904,Box 5 - ARIZONA EVA BLACK 40,ARIZONA EVA BLACK,40,12,X004IXFGSR,FBA19QHGWM04U000497,453904,5,129423,886454424650,4052001424657,False
453904,Box 6 - ARIZONA BF BLACK 39,ARIZONA BF BLACK,39,12,X0052EHV6B,FBA19QHGWM04U000086,453904,6,51791,736399020274,4013871020271,False
453904,Box 7 - ARIZONA EVA BLACK 40,ARIZONA EVA BLACK,40,12,X004IXFGSR,FBA19QHGWM04U000498,453904,7,129423,886454424650,4052001424657,False
453904,Box 8 - ARIZONA BF BLACK 39,ARIZONA BF BLACK,39,12,X0052EHV6B,FBA19QHGWM04U000087,453904,8,51791,736399020274,4013871020271,False
453904,Box 9 - BOSTON EVA EGGSHELL 37,BOSTON EVA EGGSHELL,37,12,X004IX0GV9,FBA19QHGWM04U000072,453904,9,1027382,192761925262,4066648349501,False
453904,Box 10 - ARIZONA BF BLACK 42,ARIZONA BF BLACK,42,12,X0049PUDY1,FBA19QHGWM04U000358,453904,10,51791,736399023275,4013871023272,False
453904,Box 11 - BOSTON EVA BLACK 39,BOSTON EVA BLACK,39,12,X004IX7WLL,FBA19QHGWM04U000553,453904,11,127103,886454652480,4052001652487,False
453904,Box 12 - ARIZONA EVA BLACK 43,ARIZONA EVA BLACK,43,8,X004IXFTDJ,FBA19QHGWM04U000531,453904,12,129421,886454426500,4052001426507,False
453904,Box 13 - ARIZONA EVA BLACK 43,ARIZONA EVA BLACK,43,8,X004IXFTDJ,FBA19QHGWM04U000532,453904,13,129421,886454426500,4052001426507,False
453904,Box 14 - SET ASIDE (NO VA A AMAZON) - ARIZONA SB EVA SURF GREEN 40,ARIZONA SB EVA SURF GREEN,40,12,,SET ASIDE,453904,14,1029744,192762526116,4067707144662,False
453904,Box 15 - ARIZONA BF BLACK 39,ARIZONA BF BLACK,39,12,X0052EHV6B,FBA19QHGWM04U000088,453904,15,51791,736399020274,4013871020271,False
453904,Box 16 - SET ASIDE (NO VA A AMAZON) - ARIZONA BFBC GRAY TAUPE 38,ARIZONA BFBC GRAY TAUPE,38,12,,SET ASIDE,453904,16,1032019,192763097530,4067707903382,False
453904,Box 17 - ARIZONA BF BLACK 39,ARIZONA BF BLACK,39,12,X0052EHV6B,FBA19QHGWM04U000089,453904,17,51791,736399020274,4013871020271,False
453904,Box 18 - ARIZONA BF BLACK 39,ARIZONA BF BLACK,39,12,X0052EHV6B,FBA19QHGWM04U000090,453904,18,51791,736399020274,4013871020271,False
453904,Box 19 - ARIZONA BF BLACK 42,ARIZONA BF BLACK,42,12,X0049PUDY1,FBA19QHGWM04U000359,453904,19,51791,736399023275,4013871023272,False
453904,Box 20 - ARIZONA EVA BLACK 43,ARIZONA EVA BLACK,43,8,X004IXFTDJ,FBA19QHGWM04U000533,453904,20,129421,886454426500,4052001426507,False
453904,Box 21 - ARIZONA EVA BLACK 41,ARIZONA EVA BLACK,41,12,X004IX6ZFP,FBA19QHGWM04U000516,453904,21,129421,886454426487,4052001426484,False
453904,Box 22 - ARIZONA EVA BLACK 41,ARIZONA EVA BLACK,41,12,X004IX6ZFP,FBA19QHGWM04U000517,453904,22,129421,886454426487,4052001426484,False
453904,Box 23 - ARIZONA BFBC MOCCA 39,ARIZONA BFBC MOCCA,39,12,X004WEBIS9,FBA19QHGWM04U000243,453904,23,151181,809410059185,4040714059181,False
453904,Box 24 - ARIZONA BF BLACK 39,ARIZONA BF BLACK,39,12,X0052EHV6B,FBA19QHGWM04U000091,453904,24,51791,736399020274,4013871020271,False
453905,Box 1 - SET ASIDE (NO VA A AMAZON) - ARIZONA SB EVA SURF GREEN 37,ARIZONA SB EVA SURF GREEN,37,12,,SET ASIDE,453905,1,1029744,192762526024,4067707144549,False
453905,Box 2 - ARIZONA BFBC GRAY TAUPE 42,ARIZONA BFBC GRAY TAUPE,42,8,X005BBB5NZ,FBA19QHGWM04U000339,453905,2,1032019,192763097653,4067707903542,False
453905,Box 3 - BOSTON NU OILED HABANA 42,BOSTON NU OILED HABANA,42,8,X005BB6D87,FBA19QHGWM04U000474,453905,3,860131,809410438188,4040714438184,False
453905,Box 4 - ARIZONA BF BLACK 39,ARIZONA BF BLACK,39,12,X0052EHV6B,FBA19QHGWM04U000092,453905,4,51791,736399020274,4013871020271,False
453905,Box 5 - SET ASIDE (NO VA A AMAZON) - ARIZONA SB EVA SURF GREEN 40,ARIZONA SB EVA SURF GREEN,40,12,,SET ASIDE,453905,5,1029744,192762526116,4067707144662,False
453905,Box 6 - ARIZONA BFBC MOCCA 39,ARIZONA BFBC MOCCA,39,12,X004WEBIS9,FBA19QHGWM04U000244,453905,6,151181,809410059185,4040714059181,False
453905,Box 7 - ARIZONA EVA BLACK 44,ARIZONA EVA BLACK,44,8,X004IWYKL7,FBA19QHGWM04U000542,453905,7,129421,886454426517,4052001426514,False
453905,Box 8 - ARIZONA BF BLACK 41,ARIZONA BF BLACK,41,12,X0052EKNM5,FBA19QHGWM04U000116,453905,8,51791,736399021240,4013871021247,False
453905,Box 9 - ARIZONA BF BLACK 40,ARIZONA BF BLACK,40,12,X0054OCU8D,FBA19QHGWM04U000182,453905,9,51791,736399059694,4013871059691,False
453905,Box 10 - ARIZONA BF BLACK 40,ARIZONA BF BLACK,40,12,X0054OCU8D,FBA19QHGWM04U000183,453905,10,51791,736399059694,4013871059691,False
453905,Box 11 - ARIZONA BF BLACK 41,ARIZONA BF BLACK,41,12,X0052EKNM5,FBA19QHGWM04U000117,453905,11,51791,736399021240,4013871021247,False
453905,Box 12 - ARIZONA BF BLACK 44,ARIZONA BF BLACK,44,12,X0049PN01T,FBA19QHGWM04U000005,453905,12,51791,736399035445,4013871035442,False
453905,Box 13 - ARIZONA BF BLACK 44,ARIZONA BF BLACK,44,12,X0049PN01T,FBA19QHGWM04U000006,453905,13,51791,736399035445,4013871035442,False
453905,Box 14 - ARIZONA BF BLACK 44,ARIZONA BF BLACK,44,12,X0049PN01T,FBA19QHGWM04U000007,453905,14,51791,736399035445,4013871035442,False
453905,Box 15 - ARIZONA BF BLACK 44,ARIZONA BF BLACK,44,12,X0049PN01T,FBA19QHGWM04U000008,453905,15,51791,736399035445,4013871035442,False
453905,Box 16 - ARIZONA BF BLACK 41,ARIZONA BF BLACK,41,12,X0052EKNM5,FBA19QHGWM04U000118,453905,16,51791,736399021240,4013871021247,False
453905,Box 17 - ARIZONA BF BLACK 44,ARIZONA BF BLACK,44,12,X0049PN01T,FBA19QHGWM04U000009,453905,17,51791,736399035445,4013871035442,False
453905,Box 18 - ARIZONA BF BLACK 44,ARIZONA BF BLACK,44,12,X0049PN01T,FBA19QHGWM04U000010,453905,18,51791,736399035445,4013871035442,False
453905,Box 19 - ARIZONA BF BLACK 40,ARIZONA BF BLACK,40,12,X0054OCU8D,FBA19QHGWM04U000184,453905,19,51791,736399059694,4013871059691,False
453905,Box 20 - ARIZONA BF BLACK 41,ARIZONA BF BLACK,41,12,X0052EKNM5,FBA19QHGWM04U000119,453905,20,51791,736399021240,4013871021247,False
453905,Box 21 - ARIZONA BF BLACK 41,ARIZONA BF BLACK,41,12,X0052EKNM5,FBA19QHGWM04U000120,453905,21,51791,736399021240,4013871021247,False
453905,Box 22 - ARIZONA BF BLACK 40,ARIZONA BF BLACK,40,12,X0054OCU8D,FBA19QHGWM04U000185,453905,22,51791,736399059694,4013871059691,False
453905,Box 23 - ARIZONA BF BLACK 44,ARIZONA BF BLACK,44,12,X0049PN01T,FBA19QHGWM04U000011,453905,23,51791,736399035445,4013871035442,False
453905,Box 24 - ARIZONA BF BLACK 40,ARIZONA BF BLACK,40,12,X0054OCU8D,FBA19QHGWM04U000186,453905,24,51791,736399059694,4013871059691,False
453906,Box 1 - ARIZONA BF BLACK 44,ARIZONA BF BLACK,44,12,X0049PN01T,FBA19QHGWM04U000012,453906,1,51791,736399035445,4013871035442,False
453906,Box 2 - ARIZONA BF BLACK 41,ARIZONA BF BLACK,41,12,X0052EKNM5,FBA19QHGWM04U000121,453906,2,51791,736399021240,4013871021247,False
453906,Box 3 - ARIZONA BF BLACK 44,ARIZONA BF BLACK,44,12,X0049PN01T,FBA19QHGWM04U000013,453906,3,51791,736399035445,4013871035442,False
453906,Box 4 - ARIZONA BF BLACK 40,ARIZONA BF BLACK,40,12,X0054OCU8D,FBA19QHGWM04U000187,453906,4,51791,736399059694,4013871059691,False
453906,Box 5 - ARIZONA BF BLACK 40,ARIZONA BF BLACK,40,12,X0054OCU8D,FBA19QHGWM04U000188,453906,5,51791,736399059694,4013871059691,False
453906,Box 6 - ARIZONA EVA BLACK 44,ARIZONA EVA BLACK,44,8,X004IWYKL7,FBA19QHGWM04U000543,453906,6,129421,886454426517,4052001426514,False
453906,Box 7 - ARIZONA BF BLACK 39,ARIZONA BF BLACK,39,12,X0052EHV6B,FBA19QHGWM04U000093,453906,7,51791,736399020274,4013871020271,False
453906,Box 8 - ARIZONA EVA BLACK 44,ARIZONA EVA BLACK,44,8,X004IWYKL7,FBA19QHGWM04U000544,453906,8,129421,886454426517,4052001426514,False
453906,Box 9 - ARIZONA BF BLACK 40,ARIZONA BF BLACK,40,12,X0054OCU8D,FBA19QHGWM04U000189,453906,9,51791,736399059694,4013871059691,False
453906,Box 10 - ARIZONA BF BLACK 42,ARIZONA BF BLACK,42,12,X0049PUDY1,FBA19QHGWM04U000360,453906,10,51791,736399023275,4013871023272,False
453906,Box 11 - ARIZONA BFBC MOCCA 39,ARIZONA BFBC MOCCA,39,12,X004WEBIS9,FBA19QHGWM04U000245,453906,11,151181,809410059185,4040714059181,False
453906,Box 12 - ARIZONA BF BLACK 39,ARIZONA BF BLACK,39,12,X0052EHV6B,FBA19QHGWM04U000094,453906,12,51791,736399020274,4013871020271,False
453906,Box 13 - ARIZONA BFBC MOCCA 41,ARIZONA BFBC MOCCA,41,12,X0052HPEVR,FBA19QHGWM04U000268,453906,13,151181,809410059208,4040714059204,False
453906,Box 14 - ARIZONA BF BLACK 41,ARIZONA BF BLACK,41,12,X0052EKNM5,FBA19QHGWM04U000122,453906,14,51791,736399021240,4013871021247,False
453906,Box 15 - ARIZONA BFBC MOCCA 41,ARIZONA BFBC MOCCA,41,12,X0052HPEVR,FBA19QHGWM04U000269,453906,15,151181,809410059208,4040714059204,False
453906,Box 16 - ARIZONA BF BLACK 44,ARIZONA BF BLACK,44,12,X0049PN01T,FBA19QHGWM04U000014,453906,16,51791,736399035445,4013871035442,False
453906,Box 17 - SET ASIDE (NO VA A AMAZON) - ARIZONA BFBC GRAY TAUPE 40,ARIZONA BFBC GRAY TAUPE,40,12,,SET ASIDE,453906,17,1032019,192763097592,4067707903467,False
453906,Box 18 - BOSTON EVA BLACK 41,BOSTON EVA BLACK,41,4,X004IX4G3N,FBA19QHGWM04U000560,453906,18,127103,886454652503,4052001652500,False
453906,Box 19 - BOSTON EVA BLACK 43,BOSTON EVA BLACK,43,4,X004IWQOGL,FBA19QHGWM04U000572,453906,19,1002314,886925336772,4052605465865,False
453906,Box 20 - BOSTON EVA BLACK 43,BOSTON EVA BLACK,43,4,X004IWQOGL,FBA19QHGWM04U000573,453906,20,1002314,886925336772,4052605465865,False
453906,Box 21 - BOSTON EVA BLACK 44,BOSTON EVA BLACK,44,4,X004IXLYCJ,FBA19QHGWM04U000306,453906,21,1002314,886925336789,4052605465889,False
453906,Box 22 - BOSTON EVA BLACK 43,BOSTON EVA BLACK,43,4,X004IWQOGL,FBA19QHGWM04U000574,453906,22,1002314,886925336772,4052605465865,False
453906,Box 23 - BOSTON EVA EGGSHELL 41,BOSTON EVA EGGSHELL,41,4,X004IXJJUX,FBA19QHGWM04U000322,453906,23,1027382,192761925385,4066648349662,False
453906,Box 24 - BOSTON EVA BLACK 41,BOSTON EVA BLACK,41,4,X004IX4G3N,FBA19QHGWM04U000561,453906,24,127103,886454652503,4052001652500,False
453907,Box 1 - ARIZONA BFBC MOCCA 41,ARIZONA BFBC MOCCA,41,12,X0052HPEVR,FBA19QHGWM04U000270,453907,1,151181,809410059208,4040714059204,False
453907,Box 2 - ARIZONA BF BLACK 41,ARIZONA BF BLACK,41,12,X0052EKNM5,FBA19QHGWM04U000123,453907,2,51791,736399021240,4013871021247,False
453907,Box 3 - ARIZONA BFBC MOCCA 41,ARIZONA BFBC MOCCA,41,12,X0052HPEVR,FBA19QHGWM04U000271,453907,3,151181,809410059208,4040714059204,False
453907,Box 4 - ARIZONA BF BLACK 41,ARIZONA BF BLACK,41,12,X0052EKNM5,FBA19QHGWM04U000124,453907,4,51791,736399021240,4013871021247,False
453907,Box 5 - ARIZONA BF BLACK 41,ARIZONA BF BLACK,41,12,X0052EKNM5,FBA19QHGWM04U000125,453907,5,51791,736399021240,4013871021247,False
453907,Box 6 - ARIZONA BF BLACK 41,ARIZONA BF BLACK,41,12,X0052EKNM5,FBA19QHGWM04U000126,453907,6,51791,736399021240,4013871021247,False
453907,Box 7 - ARIZONA BFBC MOCCA 41,ARIZONA BFBC MOCCA,41,12,X0052HPEVR,FBA19QHGWM04U000272,453907,7,151181,809410059208,4040714059204,False
453907,Box 8 - ARIZONA BF BLACK 44,ARIZONA BF BLACK,44,12,X0049PN01T,FBA19QHGWM04U000015,453907,8,51791,736399035445,4013871035442,False
453907,Box 9 - ARIZONA BFBC MOCCA 41,ARIZONA BFBC MOCCA,41,12,X0052HPEVR,FBA19QHGWM04U000273,453907,9,151181,809410059208,4040714059204,False
453907,Box 10 - ARIZONA BF BLACK 41,ARIZONA BF BLACK,41,12,X0052EKNM5,FBA19QHGWM04U000127,453907,10,51791,736399021240,4013871021247,False
453907,Box 11 - BOSTON EVA EGGSHELL 41,BOSTON EVA EGGSHELL,41,4,X004IXJJUX,FBA19QHGWM04U000323,453907,11,1027382,192761925385,4066648349662,False
453907,Box 12 - BOSTON EVA BLACK 44,BOSTON EVA BLACK,44,4,X004IXLYCJ,FBA19QHGWM04U000307,453907,12,1002314,886925336789,4052605465889,False
453907,Box 13 - BOSTON EVA EGGSHELL 41,BOSTON EVA EGGSHELL,41,4,X004IXJJUX,FBA19QHGWM04U000324,453907,13,1027382,192761925385,4066648349662,False
453907,Box 14 - BOSTON EVA EGGSHELL 41,BOSTON EVA EGGSHELL,41,4,X004IXJJUX,FBA19QHGWM04U000325,453907,14,1027382,192761925385,4066648349662,False
453907,Box 15 - ARIZONA BFBC MOCCA 41,ARIZONA BFBC MOCCA,41,12,X0052HPEVR,FBA19QHGWM04U000274,453907,15,151181,809410059208,4040714059204,False
453907,Box 16 - ARIZONA BFBC MOCCA 41,ARIZONA BFBC MOCCA,41,12,X0052HPEVR,FBA19QHGWM04U000275,453907,16,151181,809410059208,4040714059204,False
453907,Box 17 - ARIZONA BF BLACK 41,ARIZONA BF BLACK,41,12,X0052EKNM5,FBA19QHGWM04U000128,453907,17,51791,736399021240,4013871021247,False
453907,Box 18 - ARIZONA BFBC GRAY TAUPE 41,ARIZONA BFBC GRAY TAUPE,41,8,X005BBG5FD,FBA19QHGWM04U000336,453907,18,1032019,192763097622,4067707903504,False
453907,Box 19 - ARIZONA BF BLACK 41,ARIZONA BF BLACK,41,12,X0052EKNM5,FBA19QHGWM04U000129,453907,19,51791,736399021240,4013871021247,False
453907,Box 20 - ARIZONA EVA BLACK 41,ARIZONA EVA BLACK,41,12,X004IX6ZFP,FBA19QHGWM04U000518,453907,20,129421,886454426487,4052001426484,False
453907,Box 21 - ARIZONA BF BLACK 41,ARIZONA BF BLACK,41,12,X0052EKNM5,FBA19QHGWM04U000130,453907,21,51791,736399021240,4013871021247,False
453907,Box 22 - BOSTON NU OILED HABANA 39,BOSTON NU OILED HABANA,39,12,X005BBE3BB,FBA19QHGWM04U000459,453907,22,860131,809410438157,4040714438153,False
453907,Box 23 - ARIZONA EVA BLACK 37,ARIZONA EVA BLACK,37,12,X004IWNX6P,FBA19QHGWM04U000487,453907,23,129423,886454424629,4052001424626,False
453907,Box 24 - ARIZONA BF BLACK 41,ARIZONA BF BLACK,41,12,X0052EKNM5,FBA19QHGWM04U000131,453907,24,51791,736399021240,4013871021247,False
453908,Box 1 - ARIZONA BFBC MOCCA 39,ARIZONA BFBC MOCCA,39,12,X004WEBIS9,FBA19QHGWM04U000246,453908,1,151181,809410059185,4040714059181,False
453908,Box 2 - ARIZONA BF BLACK 41,ARIZONA BF BLACK,41,12,X0052EKNM5,FBA19QHGWM04U000132,453908,2,51791,736399021240,4013871021247,False
453908,Box 3 - ARIZONA EVA BLACK 43,ARIZONA EVA BLACK,43,8,X004IXFTDJ,FBA19QHGWM04U000534,453908,3,129421,886454426500,4052001426507,False
453908,Box 4 - ARIZONA BF BLACK 41,ARIZONA BF BLACK,41,12,X0052EKNM5,FBA19QHGWM04U000133,453908,4,51791,736399021240,4013871021247,False
453908,Box 5 - ARIZONA SB EVA SURF GREEN 38,ARIZONA SB EVA SURF GREEN,38,12,X005BAUZT1,FBA19QHGWM04U000332,453908,5,1029744,192762526055,4067707144587,False
453908,Box 6 - ARIZONA BF BLACK 41,ARIZONA BF BLACK,41,12,X0052EKNM5,FBA19QHGWM04U000134,453908,6,51791,736399021240,4013871021247,False
453908,Box 7 - ARIZONA EVA WHITE 40,ARIZONA EVA WHITE,40,12,X004IX6PF5,FBA19QHGWM04U000506,453908,7,129443,886454424896,4052001424893,False
453908,Box 8 - BOSTON EVA BLACK 43,BOSTON EVA BLACK,43,4,X004IWQOGL,FBA19QHGWM04U000575,453908,8,1002314,886925336772,4052605465865,False
453908,Box 9 - BOSTON EVA BLACK 41,BOSTON EVA BLACK,41,4,X004IX4G3N,FBA19QHGWM04U000562,453908,9,127103,886454652503,4052001652500,False
453908,Box 10 - BOSTON EVA BLACK 44,BOSTON EVA BLACK,44,4,X004IXLYCJ,FBA19QHGWM04U000308,453908,10,1002314,886925336789,4052605465889,False
453908,Box 11 - BOSTON EVA EGGSHELL 41,BOSTON EVA EGGSHELL,41,4,X004IXJJUX,FBA19QHGWM04U000326,453908,11,1027382,192761925385,4066648349662,False
453908,Box 12 - ARIZONA EVA BLACK 43,ARIZONA EVA BLACK,43,8,X004IXFTDJ,FBA19QHGWM04U000535,453908,12,129421,886454426500,4052001426507,False
453908,Box 13 - BOSTON EVA BLACK 41,BOSTON EVA BLACK,41,4,X004IX4G3N,FBA19QHGWM04U000563,453908,13,127103,886454652503,4052001652500,False
453908,Box 14 - ARIZONA BFBC MOCCA 41,ARIZONA BFBC MOCCA,41,12,X0052HPEVR,FBA19QHGWM04U000276,453908,14,151181,809410059208,4040714059204,False
453908,Box 15 - BOSTON NU OILED HABANA 41,BOSTON NU OILED HABANA,41,8,X005BB9KOB,FBA19QHGWM04U000469,453908,15,860131,809410438171,4040714438177,False
453908,Box 16 - BOSTON NU OILED HABANA 41,BOSTON NU OILED HABANA,41,8,X005BB9KOB,FBA19QHGWM04U000470,453908,16,860131,809410438171,4040714438177,False
453908,Box 17 - BOSTON EVA BLACK 40,BOSTON EVA BLACK,40,12,X004IX19X3,FBA19QHGWM04U000556,453908,17,127103,886454652497,4052001652494,False
453908,Box 18 - ARIZONA EVA BLACK 39,ARIZONA EVA BLACK,39,12,X004IWYRM9,FBA19QHGWM04U000493,453908,18,129423,886454424643,4052001424640,False
453908,Box 19 - ARIZONA EVA BLACK 40,ARIZONA EVA BLACK,40,12,X004IXFGSR,FBA19QHGWM04U000499,453908,19,129423,886454424650,4052001424657,False
453908,Box 20 - SET ASIDE (NO VA A AMAZON) - ARIZONA SB EVA SURF GREEN 39,ARIZONA SB EVA SURF GREEN,39,12,,SET ASIDE,453908,20,1029744,192762526086,4067707144624,False
453908,Box 21 - ARIZONA BF BLACK 41,ARIZONA BF BLACK,41,12,X0052EKNM5,FBA19QHGWM04U000135,453908,21,51791,736399021240,4013871021247,False
453908,Box 22 - BOSTON EVA BLACK 42,BOSTON EVA BLACK,42,4,X004IWS52H,FBA19QHGWM04U000293,453908,22,1002314,886925336765,4052605465841,False
453908,Box 23 - ARIZONA BFBC MOCCA 37,ARIZONA BFBC MOCCA,37,12,X004WEFBWX,FBA19QHGWM04U000391,453908,23,151181,809410059161,4040714059167,False
453908,Box 24 - BOSTON EVA BLACK 42,BOSTON EVA BLACK,42,4,X004IWS52H,FBA19QHGWM04U000294,453908,24,1002314,886925336765,4052605465841,False
453909,Box 1 - BOSTON EVA BLACK 42,BOSTON EVA BLACK,42,4,X004IWS52H,FBA19QHGWM04U000295,453909,1,1002314,886925336765,4052605465841,False
453909,Box 2 - ARIZONA BF BLACK 41,ARIZONA BF BLACK,41,12,X0052EKNM5,FBA19QHGWM04U000136,453909,2,51791,736399021240,4013871021247,False
453909,Box 3 - BOSTON NU OILED HABANA 42,BOSTON NU OILED HABANA,42,8,X005BB6D87,FBA19QHGWM04U000475,453909,3,860131,809410438188,4040714438184,False
453909,Box 4 - BOSTON NU OILED HABANA 41,BOSTON NU OILED HABANA,41,8,X005BB9KOB,FBA19QHGWM04U000471,453909,4,860131,809410438171,4040714438177,False
453909,Box 5 - BOSTON EVA BLACK 42,BOSTON EVA BLACK,42,14,X004IWS52H,FBA19QHGWM04U000305,453909,5,1002314,886925336765,4052605465841,False
453909,Box 6 - ARIZONA BF BLACK 41,ARIZONA BF BLACK,41,12,X0052EKNM5,FBA19QHGWM04U000137,453909,6,51791,736399021240,4013871021247,False
453909,Box 7 - BOSTON EVA BLACK 42,BOSTON EVA BLACK,42,4,X004IWS52H,FBA19QHGWM04U000296,453909,7,1002314,886925336765,4052605465841,False
453909,Box 8 - ARIZONA BFBC STONE 41,ARIZONA BFBC STONE,41,12,X004WECW1B,FBA19QHGWM04U000211,453909,8,151211,736399744903,4013871744900,False
453909,Box 9 - ARIZONA BFBC MOCCA 37,ARIZONA BFBC MOCCA,37,12,X004WEFBWX,FBA19QHGWM04U000392,453909,9,151181,809410059161,4040714059167,False
453909,Box 10 - BOSTON EVA BLACK 42,BOSTON EVA BLACK,42,4,X004IWS52H,FBA19QHGWM04U000297,453909,10,1002314,886925336765,4052605465841,False
453909,Box 11 - BOSTON EVA BLACK 42,BOSTON EVA BLACK,42,4,X004IWS52H,FBA19QHGWM04U000298,453909,11,1002314,886925336765,4052605465841,False
453909,Box 12 - BOSTON NU OILED HABANA 40,BOSTON NU OILED HABANA,40,12,X005BBD5JH,FBA19QHGWM04U000463,453909,12,860131,809410438164,4040714438160,False
453909,Box 13 - ARIZONA BFBC MOCCA 38,ARIZONA BFBC MOCCA,38,12,X004QNRIK3,FBA19QHGWM04U000401,453909,13,151181,809410059178,4040714059174,False
453909,Box 14 - ARIZONA EVA WHITE 41,ARIZONA EVA WHITE,41,12,X004IX8D87,FBA19QHGWM04U000514,453909,14,129443,886454424902,4052001424909,False
453909,Box 15 - ARIZONA BFBC MOCCA 40,ARIZONA BFBC MOCCA,40,12,X004WEF0PL,FBA19QHGWM04U000427,453909,15,151181,809410059192,4040714059198,False
453909,Box 16 - ARIZONA BF BLACK 37,ARIZONA BF BLACK,37,12,X0054OBX9P,FBA19QHGWM04U000051,453909,16,51791,736399078732,4013871078739,False
453909,Box 17 - ARIZONA BF BLACK 40,ARIZONA BF BLACK,40,12,X0054OCU8D,FBA19QHGWM04U000190,453909,17,51791,736399059694,4013871059691,False
453909,Box 18 - BOSTON NU OILED HABANA 40,BOSTON NU OILED HABANA,40,12,X005BBD5JH,FBA19QHGWM04U000464,453909,18,860131,809410438164,4040714438160,False
453909,Box 19 - ARIZONA BF BLACK 42,ARIZONA BF BLACK,42,12,X0049PUDY1,FBA19QHGWM04U000361,453909,19,51791,736399023275,4013871023272,False
453909,Box 20 - ARIZONA BFBC STONE 41,ARIZONA BFBC STONE,41,12,X004WECW1B,FBA19QHGWM04U000212,453909,20,151211,736399744903,4013871744900,False
453909,Box 21 - ARIZONA BF BLACK 40,ARIZONA BF BLACK,40,12,X0054OCU8D,FBA19QHGWM04U000191,453909,21,51791,736399059694,4013871059691,False
453909,Box 22 - BOSTON EVA BLACK 42,BOSTON EVA BLACK,42,4,X004IWS52H,FBA19QHGWM04U000299,453909,22,1002314,886925336765,4052605465841,False
453909,Box 23 - ARIZONA BF BLACK 42,ARIZONA BF BLACK,42,12,X0049PUDY1,FBA19QHGWM04U000362,453909,23,51791,736399023275,4013871023272,False
453909,Box 24 - BOSTON EVA BLACK 42,BOSTON EVA BLACK,42,4,X004IWS52H,FBA19QHGWM04U000300,453909,24,1002314,886925336765,4052605465841,False
453910,Box 1 - BOSTON NU OILED HABANA 38,BOSTON NU OILED HABANA,38,12,X005BBAQOT,FBA19QHGWM04U000455,453910,1,860131,809410438140,4040714438146,False
453910,Box 3 - ARIZONA BFBC STONE 41,ARIZONA BFBC STONE,41,12,X004WECW1B,FBA19QHGWM04U000213,453910,3,151211,736399744903,4013871744900,False
453910,Box 4 - ARIZONA BF BLACK 41,ARIZONA BF BLACK,41,12,X0052EKNM5,FBA19QHGWM04U000138,453910,4,51791,736399021240,4013871021247,False
453910,Box 5 - ARIZONA EVA BLACK 39,ARIZONA EVA BLACK,39,12,X004IWYRM9,FBA19QHGWM04U000494,453910,5,129423,886454424643,4052001424640,False
453910,Box 6 - ARIZONA BFBC MOCCA 38,ARIZONA BFBC MOCCA,38,12,X004QNRIK3,FBA19QHGWM04U000402,453910,6,151181,809410059178,4040714059174,False
453910,Box 7 - ARIZONA BFBC STONE 41,ARIZONA BFBC STONE,41,12,X004WECW1B,FBA19QHGWM04U000214,453910,7,151211,736399744903,4013871744900,False
453910,Box 9 - ARIZONA BFBC STONE 41,ARIZONA BFBC STONE,41,12,X004WECW1B,FBA19QHGWM04U000215,453910,9,151211,736399744903,4013871744900,False
453910,Box 10 - ARIZONA BFBC STONE 41,ARIZONA BFBC STONE,41,12,X004WECW1B,FBA19QHGWM04U000216,453910,10,151211,736399744903,4013871744900,False
453910,Box 11 - BOSTON EVA BLACK 42,BOSTON EVA BLACK,42,4,X004IWS52H,FBA19QHGWM04U000301,453910,11,1002314,886925336765,4052605465841,False
453910,Box 12 - ARIZONA BF BLACK 44,ARIZONA BF BLACK,44,12,X0049PN01T,FBA19QHGWM04U000016,453910,12,51791,736399035445,4013871035442,False
453910,Box 13 - BOSTON EVA BLACK 43,BOSTON EVA BLACK,43,4,X004IWQOGL,FBA19QHGWM04U000576,453910,13,1002314,886925336772,4052605465865,False
453910,Box 14 - ARIZONA BFBC MOCCA 37,ARIZONA BFBC MOCCA,37,12,X004WEFBWX,FBA19QHGWM04U000393,453910,14,151181,809410059161,4040714059167,False
453910,Box 15 - ARIZONA BF BLACK 44,ARIZONA BF BLACK,44,12,X0049PN01T,FBA19QHGWM04U000017,453910,15,51791,736399035445,4013871035442,False
453910,Box 16 - ARIZONA EVA BLACK 39,ARIZONA EVA BLACK,39,12,X004IWYRM9,FBA19QHGWM04U000495,453910,16,129423,886454424643,4052001424640,False
453910,Box 17 - ARIZONA BFBC STONE 41,ARIZONA BFBC STONE,41,12,X004WECW1B,FBA19QHGWM04U000217,453910,17,151211,736399744903,4013871744900,False
453910,Box 18 - ARIZONA BF BLACK 40,ARIZONA BF BLACK,40,12,X0054OCU8D,FBA19QHGWM04U000192,453910,18,51791,736399059694,4013871059691,False
453910,Box 19 - BOSTON EVA BLACK 42,BOSTON EVA BLACK,42,4,X004IWS52H,FBA19QHGWM04U000302,453910,19,1002314,886925336765,4052605465841,False
453910,Box 20 - SET ASIDE (NO VA A AMAZON) - ARIZONA BFBC GRAY TAUPE 39,ARIZONA BFBC GRAY TAUPE,39,12,,SET ASIDE,453910,20,1032019,192763097561,4067707903429,False
453910,Box 21 - ARIZONA BF BLACK 37,ARIZONA BF BLACK,37,12,X0054OBX9P,FBA19QHGWM04U000052,453910,21,51791,736399078732,4013871078739,False
453910,Box 22 - ARIZONA BFBC STONE 41,ARIZONA BFBC STONE,41,12,X004WECW1B,FBA19QHGWM04U000218,453910,22,151211,736399744903,4013871744900,False
453910,Box 23 - ARIZONA BF BLACK 42,ARIZONA BF BLACK,42,12,X0049PUDY1,FBA19QHGWM04U000363,453910,23,51791,736399023275,4013871023272,False
453910,Box 24 - ARIZONA BF BLACK 44,ARIZONA BF BLACK,44,12,X0049PN01T,FBA19QHGWM04U000018,453910,24,51791,736399035445,4013871035442,False
453911,Box 1 - ARIZONA BFBC STONE 41,ARIZONA BFBC STONE,41,12,X004WECW1B,FBA19QHGWM04U000219,453911,1,151211,736399744903,4013871744900,False
453911,Box 2 - ARIZONA BFBC MOCCA 39,ARIZONA BFBC MOCCA,39,12,X004WEBIS9,FBA19QHGWM04U000247,453911,2,151181,809410059185,4040714059181,False
453911,Box 3 - ARIZONA BF BLACK 44,ARIZONA BF BLACK,44,12,X0049PN01T,FBA19QHGWM04U000019,453911,3,51791,736399035445,4013871035442,False
453911,Box 4 - ARIZONA BFBC STONE 41,ARIZONA BFBC STONE,41,12,X004WECW1B,FBA19QHGWM04U000220,453911,4,151211,736399744903,4013871744900,False
453911,Box 6 - ARIZONA BF BLACK 44,ARIZONA BF BLACK,44,12,X0049PN01T,FBA19QHGWM04U000020,453911,6,51791,736399035445,4013871035442,False
453911,Box 7 - ARIZONA BFBC STONE 42,ARIZONA BFBC STONE,42,12,X0050NSX4D,FBA19QHGWM04U000031,453911,7,151211,736399744910,4013871744917,False
453911,Box 8 - BOSTON EVA BLACK 42,BOSTON EVA BLACK,42,4,X004IWS52H,FBA19QHGWM04U000303,453911,8,1002314,886925336765,4052605465841,False
453911,Box 9 - BOSTON EVA BLACK 42,BOSTON EVA BLACK,42,2,X004IWS52H,FBA19QHGWM04U000304,453911,9,1002314,886925336765,4052605465841,False
453911,Box 10 - ARIZONA BFBC STONE 42,ARIZONA BFBC STONE,42,12,X0050NSX4D,FBA19QHGWM04U000032,453911,10,151211,736399744910,4013871744917,False
453911,Box 11 - ARIZONA BFBC STONE 41,ARIZONA BFBC STONE,41,12,X004WECW1B,FBA19QHGWM04U000221,453911,11,151211,736399744903,4013871744900,False
453911,Box 12 - ARIZONA BFBC STONE 41,ARIZONA BFBC STONE,41,12,X004WECW1B,FBA19QHGWM04U000222,453911,12,151211,736399744903,4013871744900,False
453911,Box 13 - ARIZONA BFBC STONE 41,ARIZONA BFBC STONE,41,12,X004WECW1B,FBA19QHGWM04U000223,453911,13,151211,736399744903,4013871744900,False
453911,Box 14 - ARIZONA BF BLACK 44,ARIZONA BF BLACK,44,12,X0049PN01T,FBA19QHGWM04U000021,453911,14,51791,736399035445,4013871035442,False
453911,Box 15 - ARIZONA EVA BLACK 41,ARIZONA EVA BLACK,41,12,X004IX6ZFP,FBA19QHGWM04U000519,453911,15,129421,886454426487,4052001426484,False
453911,Box 16 - BOSTON NU OILED HABANA 38,BOSTON NU OILED HABANA,38,12,X005BBAQOT,FBA19QHGWM04U000456,453911,16,860131,809410438140,4040714438146,False
453911,Box 16 - ARIZONA BFBC MOCCA 41,ARIZONA BFBC MOCCA,41,12,X0052HPEVR,FBA19QHGWM04U000277,453911,16,151181,809410059208,4040714059204,False
453911,Box 18 - ARIZONA BF BLACK 44,ARIZONA BF BLACK,44,12,X0049PN01T,FBA19QHGWM04U000022,453911,18,51791,736399035445,4013871035442,False
453911,Box 19 - ARIZONA BFBC MOCCA 41,ARIZONA BFBC MOCCA,41,12,X0052HPEVR,FBA19QHGWM04U000278,453911,19,151181,809410059208,4040714059204,False
453911,Box 20 - ARIZONA BFBC MOCCA 41,ARIZONA BFBC MOCCA,41,12,X0052HPEVR,FBA19QHGWM04U000279,453911,20,151181,809410059208,4040714059204,False
453911,Box 21 - ARIZONA BFBC MOCCA 41,ARIZONA BFBC MOCCA,41,12,X0052HPEVR,FBA19QHGWM04U000280,453911,21,151181,809410059208,4040714059204,False
453911,Box 22 - ARIZONA BFBC MOCCA 39,ARIZONA BFBC MOCCA,39,12,X004WEBIS9,FBA19QHGWM04U000248,453911,22,151181,809410059185,4040714059181,False
453911,Box 23 - ARIZONA BF BLACK 44,ARIZONA BF BLACK,44,12,X0049PN01T,FBA19QHGWM04U000023,453911,23,51791,736399035445,4013871035442,False
453911,Box 24 - ARIZONA BF BLACK 44,ARIZONA BF BLACK,44,12,X0049PN01T,FBA19QHGWM04U000024,453911,24,51791,736399035445,4013871035442,False
453912,Box 1 - ARIZONA BFBC MOCCA 38,ARIZONA BFBC MOCCA,38,12,X004QNRIK3,FBA19QHGWM04U000403,453912,1,151181,809410059178,4040714059174,False
453912,Box 2 - ARIZONA BF BLACK 44,ARIZONA BF BLACK,44,12,X0049PN01T,FBA19QHGWM04U000025,453912,2,51791,736399035445,4013871035442,False
453912,Box 3 - ARIZONA BFBC MOCCA 39,ARIZONA BFBC MOCCA,39,12,X004WEBIS9,FBA19QHGWM04U000249,453912,3,151181,809410059185,4040714059181,False
453912,Box 4 - ARIZONA BF BLACK 44,ARIZONA BF BLACK,44,12,X0049PN01T,FBA19QHGWM04U000026,453912,4,51791,736399035445,4013871035442,False
453912,Box 5 - ARIZONA BF BLACK 44,ARIZONA BF BLACK,44,12,X0049PN01T,FBA19QHGWM04U000027,453912,5,51791,736399035445,4013871035442,False
453912,Box 6 - ARIZONA BF BLACK 44,ARIZONA BF BLACK,44,12,X0049PN01T,FBA19QHGWM04U000028,453912,6,51791,736399035445,4013871035442,False
453912,Box 7 - BOSTON EVA BLACK 41,BOSTON EVA BLACK,41,4,X004IX4G3N,FBA19QHGWM04U000564,453912,7,127103,886454652503,4052001652500,False
453912,Box 8 - ARIZONA BF BLACK 44,ARIZONA BF BLACK,44,12,X0049PN01T,FBA19QHGWM04U000029,453912,8,51791,736399035445,4013871035442,False
453912,Box 9 - ARIZONA BFBC MOCCA 42,ARIZONA BFBC MOCCA,42,12,X004WSV7TF,FBA19QHGWM04U000053,453912,9,151181,809410059215,4040714059211,False
453912,Box 10 - ARIZONA BF BLACK 44,ARIZONA BF BLACK,44,12,X0049PN01T,FBA19QHGWM04U000030,453912,10,51791,736399035445,4013871035442,False
453912,Box 11 - ARIZONA BFBC MOCCA 41,ARIZONA BFBC MOCCA,41,12,X0052HPEVR,FBA19QHGWM04U000281,453912,11,151181,809410059208,4040714059204,False
453912,Box 12 - ARIZONA BFBC MOCCA 38,ARIZONA BFBC MOCCA,38,12,X004QNRIK3,FBA19QHGWM04U000404,453912,12,151181,809410059178,4040714059174,False
453912,Box 13 - BOSTON EVA BLACK 41,BOSTON EVA BLACK,41,4,X004IX4G3N,FBA19QHGWM04U000565,453912,13,127103,886454652503,4052001652500,False
453912,Box 14 - ARIZONA BFBC MOCCA 40,ARIZONA BFBC MOCCA,40,12,X004WEF0PL,FBA19QHGWM04U000428,453912,14,151181,809410059192,4040714059198,False
453912,Box 15 - BOSTON NU OILED HABANA 38,BOSTON NU OILED HABANA,38,12,X005BBAQOT,FBA19QHGWM04U000457,453912,15,860131,809410438140,4040714438146,False
453912,Box 16 - ARIZONA BFBC MOCCA 41,ARIZONA BFBC MOCCA,41,12,X0052HPEVR,FBA19QHGWM04U000282,453912,16,151181,809410059208,4040714059204,False
453912,Box 17 - ARIZONA BFBC MOCCA 38,ARIZONA BFBC MOCCA,38,12,X004QNRIK3,FBA19QHGWM04U000405,453912,17,151181,809410059178,4040714059174,False
453912,Box 18 - ARIZONA EVA BLACK 42,ARIZONA EVA BLACK,42,12,X004IX6XQV,FBA19QHGWM04U000524,453912,18,129421,886454426494,4052001426491,False
453912,Box 19 - ARIZONA BFBC STONE 42,ARIZONA BFBC STONE,42,12,X0050NSX4D,FBA19QHGWM04U000033,453912,19,151211,736399744910,4013871744917,False
453912,Box 20 - ARIZONA BFBC STONE 41,ARIZONA BFBC STONE,41,12,X004WECW1B,FBA19QHGWM04U000224,453912,20,151211,736399744903,4013871744900,False
453912,Box 21 - ARIZONA BFBC MOCCA 41,ARIZONA BFBC MOCCA,41,12,X0052HPEVR,FBA19QHGWM04U000283,453912,21,151181,809410059208,4040714059204,False
453912,Box 22 - ARIZONA BFBC MOCCA 42,ARIZONA BFBC MOCCA,42,12,X004WSV7TF,FBA19QHGWM04U000054,453912,22,151181,809410059215,4040714059211,False
453912,Box 23 - ARIZONA BFBC MOCCA 42,ARIZONA BFBC MOCCA,42,12,X004WSV7TF,FBA19QHGWM04U000055,453912,23,151181,809410059215,4040714059211,False
453912,Box 24 - ARIZONA BFBC MOCCA 42,ARIZONA BFBC MOCCA,42,12,X004WSV7TF,FBA19QHGWM04U000056,453912,24,151181,809410059215,4040714059211,False
453913,Box 1 - ARIZONA BFBC MOCCA 42,ARIZONA BFBC MOCCA,42,12,X004WSV7TF,FBA19QHGWM04U000057,453913,1,151181,809410059215,4040714059211,False
453913,Box 2 - ARIZONA BFBC MOCCA 42,ARIZONA BFBC MOCCA,42,12,X004WSV7TF,FBA19QHGWM04U000058,453913,2,151181,809410059215,4040714059211,False
453913,Box 3 - ARIZONA BFBC MOCCA 42,ARIZONA BFBC MOCCA,42,12,X004WSV7TF,FBA19QHGWM04U000059,453913,3,151181,809410059215,4040714059211,False
453913,Box 4 - ARIZONA BFBC MOCCA 41,ARIZONA BFBC MOCCA,41,12,X0052HPEVR,FBA19QHGWM04U000284,453913,4,151181,809410059208,4040714059204,False
453913,Box 5 - ARIZONA BF BLACK 43,ARIZONA BF BLACK,43,12,X0052EJCIV,FBA19QHGWM04U000142,453913,5,51791,736399027594,4013871027591,False
453913,Box 6 - ARIZONA BF BLACK 40,ARIZONA BF BLACK,40,12,X0054OCU8D,FBA19QHGWM04U000193,453913,6,51791,736399059694,4013871059691,False
453913,Box 7 - ARIZONA BF BLACK 43,ARIZONA BF BLACK,43,12,X0052EJCIV,FBA19QHGWM04U000143,453913,7,51791,736399027594,4013871027591,False
453913,Box 8 - BOSTON EVA BLACK 41,BOSTON EVA BLACK,41,4,X004IX4G3N,FBA19QHGWM04U000566,453913,8,127103,886454652503,4052001652500,False
453913,Box 9 - ARIZONA BFBC MOCCA 42,ARIZONA BFBC MOCCA,42,12,X004WSV7TF,FBA19QHGWM04U000060,453913,9,151181,809410059215,4040714059211,False
453913,Box 10 - BOSTON EVA BLACK 41,BOSTON EVA BLACK,41,4,X004IX4G3N,FBA19QHGWM04U000567,453913,10,127103,886454652503,4052001652500,False
453913,Box 11 - BOSTON EVA BLACK 41,BOSTON EVA BLACK,41,4,X004IX4G3N,FBA19QHGWM04U000568,453913,11,127103,886454652503,4052001652500,False
453913,Box 13 - BOSTON EVA BLACK 41,BOSTON EVA BLACK,41,4,X004IX4G3N,FBA19QHGWM04U000569,453913,13,127103,886454652503,4052001652500,False
453913,Box 14 - ARIZONA BFBC MOCCA 41,ARIZONA BFBC MOCCA,41,12,X0052HPEVR,FBA19QHGWM04U000285,453913,14,151181,809410059208,4040714059204,False
453913,Box 15 - ARIZONA BF BLACK 40,ARIZONA BF BLACK,40,12,X0054OCU8D,FBA19QHGWM04U000194,453913,15,51791,736399059694,4013871059691,False
453913,Box 16 - ARIZONA BF BLACK 43,ARIZONA BF BLACK,43,12,X0052EJCIV,FBA19QHGWM04U000144,453913,16,51791,736399027594,4013871027591,False
453913,Box 17 - ARIZONA BFBC MOCCA 41,ARIZONA BFBC MOCCA,41,12,X0052HPEVR,FBA19QHGWM04U000286,453913,17,151181,809410059208,4040714059204,False
453913,Box 18 - ARIZONA BF BLACK 43,ARIZONA BF BLACK,43,12,X0052EJCIV,FBA19QHGWM04U000145,453913,18,51791,736399027594,4013871027591,False
453913,Box 20 - ARIZONA BFBC MOCCA 42,ARIZONA BFBC MOCCA,42,12,X004WSV7TF,FBA19QHGWM04U000061,453913,20,151181,809410059215,4040714059211,False
453913,Box 21 - ARIZONA BFBC MOCCA 42,ARIZONA BFBC MOCCA,42,12,X004WSV7TF,FBA19QHGWM04U000062,453913,21,151181,809410059215,4040714059211,False
453913,Box 22 - ARIZONA BFBC MOCCA 42,ARIZONA BFBC MOCCA,42,12,X004WSV7TF,FBA19QHGWM04U000063,453913,22,151181,809410059215,4040714059211,False
453913,Box 23 - ARIZONA BFBC MOCCA 42,ARIZONA BFBC MOCCA,42,12,X004WSV7TF,FBA19QHGWM04U000064,453913,23,151181,809410059215,4040714059211,False
453913,Box 24 - ARIZONA BF BLACK 43,ARIZONA BF BLACK,43,12,X0052EJCIV,FBA19QHGWM04U000146,453913,24,51791,736399027594,4013871027591,False
453914,Box 1 - ARIZONA BFBC MOCCA 42,ARIZONA BFBC MOCCA,42,12,X004WSV7TF,FBA19QHGWM04U000065,453914,1,151181,809410059215,4040714059211,False
453914,Box 2 - ARIZONA BFBC MOCCA 42,ARIZONA BFBC MOCCA,42,12,X004WSV7TF,FBA19QHGWM04U000066,453914,2,151181,809410059215,4040714059211,False
453914,Box 3 - ARIZONA BF BLACK 43,ARIZONA BF BLACK,43,12,X0052EJCIV,FBA19QHGWM04U000147,453914,3,51791,736399027594,4013871027591,False
453914,Box 4 - ARIZONA BF BLACK 43,ARIZONA BF BLACK,43,12,X0052EJCIV,FBA19QHGWM04U000148,453914,4,51791,736399027594,4013871027591,False
453914,Box 5 - ARIZONA BFBC MOCCA 42,ARIZONA BFBC MOCCA,42,12,X004WSV7TF,FBA19QHGWM04U000067,453914,5,151181,809410059215,4040714059211,False
453914,Box 6 - ARIZONA BF BLACK 40,ARIZONA BF BLACK,40,12,X0054OCU8D,FBA19QHGWM04U000195,453914,6,51791,736399059694,4013871059691,False
453914,Box 7 - ARIZONA BF BLACK 40,ARIZONA BF BLACK,40,12,X0054OCU8D,FBA19QHGWM04U000196,453914,7,51791,736399059694,4013871059691,False
453914,Box 8 - ARIZONA BF BLACK 43,ARIZONA BF BLACK,43,12,X0052EJCIV,FBA19QHGWM04U000149,453914,8,51791,736399027594,4013871027591,False
453914,Box 9 - ARIZONA BF BLACK 40,ARIZONA BF BLACK,40,12,X0054OCU8D,FBA19QHGWM04U000197,453914,9,51791,736399059694,4013871059691,False
453914,Box 10 - ARIZONA BF BLACK 43,ARIZONA BF BLACK,43,12,X0052EJCIV,FBA19QHGWM04U000150,453914,10,51791,736399027594,4013871027591,False
453914,Box 11 - ARIZONA BF BLACK 43,ARIZONA BF BLACK,43,12,X0052EJCIV,FBA19QHGWM04U000151,453914,11,51791,736399027594,4013871027591,False
453914,Box 12 - ARIZONA BFBC MOCCA 42,ARIZONA BFBC MOCCA,42,12,X004WSV7TF,FBA19QHGWM04U000068,453914,12,151181,809410059215,4040714059211,False
453914,Box 13 - ARIZONA BFBC MOCCA 42,ARIZONA BFBC MOCCA,42,12,X004WSV7TF,FBA19QHGWM04U000069,453914,13,151181,809410059215,4040714059211,False
453914,Box 14 - ARIZONA BF BLACK 40,ARIZONA BF BLACK,40,12,X0054OCU8D,FBA19QHGWM04U000198,453914,14,51791,736399059694,4013871059691,False
453914,Box 15 - ARIZONA BF BLACK 40,ARIZONA BF BLACK,40,12,X0054OCU8D,FBA19QHGWM04U000199,453914,15,51791,736399059694,4013871059691,False
453914,Box 16 - ARIZONA BF BLACK 43,ARIZONA BF BLACK,43,12,X0052EJCIV,FBA19QHGWM04U000152,453914,16,51791,736399027594,4013871027591,False
453914,Box 17 - ARIZONA BF BLACK 43,ARIZONA BF BLACK,43,12,X0052EJCIV,FBA19QHGWM04U000153,453914,17,51791,736399027594,4013871027591,False
453914,Box 18 - ARIZONA BF BLACK 40,ARIZONA BF BLACK,40,12,X0054OCU8D,FBA19QHGWM04U000200,453914,18,51791,736399059694,4013871059691,False
453914,Box 19 - ARIZONA BF BLACK 40,ARIZONA BF BLACK,40,12,X0054OCU8D,FBA19QHGWM04U000201,453914,19,51791,736399059694,4013871059691,False
453914,Box 20 - ARIZONA BF BLACK 40,ARIZONA BF BLACK,40,12,X0054OCU8D,FBA19QHGWM04U000202,453914,20,51791,736399059694,4013871059691,False
453914,Box 21 - ARIZONA BF BLACK 43,ARIZONA BF BLACK,43,12,X0052EJCIV,FBA19QHGWM04U000154,453914,21,51791,736399027594,4013871027591,False
453914,Box 22 - ARIZONA BF BLACK 43,ARIZONA BF BLACK,43,12,X0052EJCIV,FBA19QHGWM04U000155,453914,22,51791,736399027594,4013871027591,False
453914,Box 23 - ARIZONA BF BLACK 43,ARIZONA BF BLACK,43,12,X0052EJCIV,FBA19QHGWM04U000156,453914,23,51791,736399027594,4013871027591,False
453914,Box 24 - ARIZONA BF BLACK 43,ARIZONA BF BLACK,43,12,X0052EJCIV,FBA19QHGWM04U000157,453914,24,51791,736399027594,4013871027591,False
453915,Box 1 - ARIZONA BF BLACK 43,ARIZONA BF BLACK,43,12,X0052EJCIV,FBA19QHGWM04U000158,453915,1,51791,736399027594,4013871027591,False
453915,Box 2 - ARIZONA BF BLACK 43,ARIZONA BF BLACK,43,12,X0052EJCIV,FBA19QHGWM04U000159,453915,2,51791,736399027594,4013871027591,False
453915,Box 3 - ARIZONA BF BLACK 43,ARIZONA BF BLACK,43,12,X0052EJCIV,FBA19QHGWM04U000160,453915,3,51791,736399027594,4013871027591,False
453915,Box 4 - ARIZONA BF BLACK 40,ARIZONA BF BLACK,40,12,X0054OCU8D,FBA19QHGWM04U000203,453915,4,51791,736399059694,4013871059691,False
453915,Box 5 - ARIZONA BF BLACK 43,ARIZONA BF BLACK,43,12,X0052EJCIV,FBA19QHGWM04U000161,453915,5,51791,736399027594,4013871027591,False
453915,Box 6 - ARIZONA BF BLACK 43,ARIZONA BF BLACK,43,12,X0052EJCIV,FBA19QHGWM04U000162,453915,6,51791,736399027594,4013871027591,False
453915,Box 7 - ARIZONA BF BLACK 43,ARIZONA BF BLACK,43,12,X0052EJCIV,FBA19QHGWM04U000163,453915,7,51791,736399027594,4013871027591,False
453915,Box 8 - ARIZONA BF BLACK 43,ARIZONA BF BLACK,43,12,X0052EJCIV,FBA19QHGWM04U000164,453915,8,51791,736399027594,4013871027591,False
453915,Box 9 - ARIZONA BF BLACK 40,ARIZONA BF BLACK,40,12,X0054OCU8D,FBA19QHGWM04U000204,453915,9,51791,736399059694,4013871059691,False
453915,Box 10 - ARIZONA BF BLACK 43,ARIZONA BF BLACK,43,12,X0052EJCIV,FBA19QHGWM04U000165,453915,10,51791,736399027594,4013871027591,False
453915,Box 11 - ARIZONA BF BLACK 43,ARIZONA BF BLACK,43,12,X0052EJCIV,FBA19QHGWM04U000166,453915,11,51791,736399027594,4013871027591,False
453915,Box 12 - ARIZONA BF BLACK 40,ARIZONA BF BLACK,40,12,X0054OCU8D,FBA19QHGWM04U000205,453915,12,51791,736399059694,4013871059691,False
453915,Box 13 - ARIZONA BF BLACK 40,ARIZONA BF BLACK,40,12,X0054OCU8D,FBA19QHGWM04U000206,453915,13,51791,736399059694,4013871059691,False
453915,Box 14 - ARIZONA BFBC MOCCA 42,ARIZONA BFBC MOCCA,42,12,X004WSV7TF,FBA19QHGWM04U000070,453915,14,151181,809410059215,4040714059211,False
453915,Box 15 - ARIZONA BF BLACK 40,ARIZONA BF BLACK,40,12,X0054OCU8D,FBA19QHGWM04U000207,453915,15,51791,736399059694,4013871059691,False
453915,Box 16 - ARIZONA BFBC GRAY TAUPE 43,ARIZONA BFBC GRAY TAUPE,43,8,X005BBGBY3,FBA19QHGWM04U000346,453915,16,1032019,192763097684,4067707903580,False
453915,Box 17 - BOSTON EVA BLACK 39,BOSTON EVA BLACK,39,12,X004IX7WLL,FBA19QHGWM04U000554,453915,17,127103,886454652480,4052001652487,False
453915,Box 18 - ARIZONA BFBC MOCCA 39,ARIZONA BFBC MOCCA,39,12,X004WEBIS9,FBA19QHGWM04U000250,453915,18,151181,809410059185,4040714059181,False
453915,Box 19 - ARIZONA BF BLACK 40,ARIZONA BF BLACK,40,12,X0054OCU8D,FBA19QHGWM04U000208,453915,19,51791,736399059694,4013871059691,False
453915,Box 20 - ARIZONA BFBC MOCCA 41,ARIZONA BFBC MOCCA,41,12,X0052HPEVR,FBA19QHGWM04U000287,453915,20,151181,809410059208,4040714059204,False
453915,Box 21 - ARIZONA BF BLACK 42,ARIZONA BF BLACK,42,12,X0049PUDY1,FBA19QHGWM04U000364,453915,21,51791,736399023275,4013871023272,False
453915,Box 22 - SET ASIDE (NO VA A AMAZON) - BOSTON LEVE OYSTER 40,BOSTON LEVE OYSTER,40,8,,SET ASIDE,453915,22,1031623,192762967445,4067707730742,False
453915,Box 23 - ARIZONA BF BLACK 39,ARIZONA BF BLACK,39,12,X0052EHV6B,FBA19QHGWM04U000095,453915,23,51791,736399020274,4013871020271,False
453915,Box 24 - BOSTON NU OILED HABANA 42,BOSTON NU OILED HABANA,42,8,X005BB6D87,FBA19QHGWM04U000476,453915,24,860131,809410438188,4040714438184,False
453916,Box 1 - ARIZONA BF BLACK 39,ARIZONA BF BLACK,39,12,X0052EHV6B,FBA19QHGWM04U000096,453916,1,51791,736399020274,4013871020271,False
453916,Box 2 - ARIZONA BF BLACK 42,ARIZONA BF BLACK,42,12,X0049PUDY1,FBA19QHGWM04U000365,453916,2,51791,736399023275,4013871023272,False
453916,Box 3 - SET ASIDE (NO VA A AMAZON) - BOSTON LEVE OYSTER 39,BOSTON LEVE OYSTER,39,12,,SET ASIDE,453916,3,1031623,192762967414,4067707730704,False
453916,Box 4 - ARIZONA BF BLACK 39,ARIZONA BF BLACK,39,12,X0052EHV6B,FBA19QHGWM04U000097,453916,4,51791,736399020274,4013871020271,False
453916,Box 5 - ARIZONA BFBC MOCCA 41,ARIZONA BFBC MOCCA,41,12,X0052HPEVR,FBA19QHGWM04U000288,453916,5,151181,809410059208,4040714059204,False
453916,Box 6 - ARIZONA BF BLACK 39,ARIZONA BF BLACK,39,12,X0052EHV6B,FBA19QHGWM04U000098,453916,6,51791,736399020274,4013871020271,False
453916,Box 7 - ARIZONA BF BLACK 40,ARIZONA BF BLACK,40,12,X0054OCU8D,FBA19QHGWM04U000209,453916,7,51791,736399059694,4013871059691,False
453916,Box 8 - ARIZONA EVA BLACK 41,ARIZONA EVA BLACK,41,12,X004IX6ZFP,FBA19QHGWM04U000520,453916,8,129421,886454426487,4052001426484,False
453916,Box 9 - BOSTON NU OILED HABANA 37,BOSTON NU OILED HABANA,37,12,X005BB0YCD,FBA19QHGWM04U000453,453916,9,860131,809410438133,4040714438139,False
453916,Box 10 - ARIZONA BF BLACK 40,ARIZONA BF BLACK,40,12,X0054OCU8D,FBA19QHGWM04U000210,453916,10,51791,736399059694,4013871059691,False
453916,Box 11 - ARIZONA BFBC MOCCA 39,ARIZONA BFBC MOCCA,39,12,X004WEBIS9,FBA19QHGWM04U000251,453916,11,151181,809410059185,4040714059181,False
453916,Box 12 - SET ASIDE (NO VA A AMAZON) - ARIZONA SB EVA SURF GREEN 40,ARIZONA SB EVA SURF GREEN,40,12,,SET ASIDE,453916,12,1029744,192762526116,4067707144662,False
453916,Box 13 - ARIZONA BFBC MOCCA 41,ARIZONA BFBC MOCCA,41,12,X0052HPEVR,FBA19QHGWM04U000289,453916,13,151181,809410059208,4040714059204,False
453916,Box 14 - ARIZONA BF BLACK 39,ARIZONA BF BLACK,39,12,X0052EHV6B,FBA19QHGWM04U000099,453916,14,51791,736399020274,4013871020271,False
453916,Box 15 - ARIZONA EVA BLACK 42,ARIZONA EVA BLACK,42,12,X004IX6XQV,FBA19QHGWM04U000525,453916,15,129421,886454426494,4052001426491,False
453916,Box 16 - SET ASIDE (NO VA A AMAZON) - ARIZONA SB EVA SURF GREEN 39,ARIZONA SB EVA SURF GREEN,39,12,,SET ASIDE,453916,16,1029744,192762526086,4067707144624,False
453916,Box 17 - ARIZONA BFBC MOCCA 38,ARIZONA BFBC MOCCA,38,12,X004QNRIK3,FBA19QHGWM04U000406,453916,17,151181,809410059178,4040714059174,False
453916,Box 18 - ARIZONA BFBC MOCCA 40,ARIZONA BFBC MOCCA,40,12,X004WEF0PL,FBA19QHGWM04U000429,453916,18,151181,809410059192,4040714059198,False
453916,Box 19 - ARIZONA BF BLACK 42,ARIZONA BF BLACK,42,12,X0049PUDY1,FBA19QHGWM04U000366,453916,19,51791,736399023275,4013871023272,False
453916,Box 20 - ARIZONA BFBC MOCCA 39,ARIZONA BFBC MOCCA,39,12,X004WEBIS9,FBA19QHGWM04U000252,453916,20,151181,809410059185,4040714059181,False
453916,Box 21 - ARIZONA BFBC MOCCA 39,ARIZONA BFBC MOCCA,39,12,X004WEBIS9,FBA19QHGWM04U000253,453916,21,151181,809410059185,4040714059181,False
453916,Box 22 - ARIZONA BF BLACK 42,ARIZONA BF BLACK,42,12,X0049PUDY1,FBA19QHGWM04U000367,453916,22,51791,736399023275,4013871023272,False
453916,Box 23 - ARIZONA BF BLACK 42,ARIZONA BF BLACK,42,12,X0049PUDY1,FBA19QHGWM04U000368,453916,23,51791,736399023275,4013871023272,False
453916,Box 24 - ARIZONA BF BLACK 42,ARIZONA BF BLACK,42,12,X0049PUDY1,FBA19QHGWM04U000369,453916,24,51791,736399023275,4013871023272,False
453917,Box 1 - BOSTON NU OILED HABANA 37,BOSTON NU OILED HABANA,37,12,X005BB0YCD,FBA19QHGWM04U000454,453917,1,860131,809410438133,4040714438139,False
453917,Box 2 - ARIZONA BF BLACK 42,ARIZONA BF BLACK,42,12,X0049PUDY1,FBA19QHGWM04U000370,453917,2,51791,736399023275,4013871023272,False
453917,Box 3 - ARIZONA BFBC MOCCA 39,ARIZONA BFBC MOCCA,39,12,X004WEBIS9,FBA19QHGWM04U000254,453917,3,151181,809410059185,4040714059181,False
453917,Box 4 - BOSTON EVA BLACK 40,BOSTON EVA BLACK,40,12,X004IX19X3,FBA19QHGWM04U000557,453917,4,127103,886454652497,4052001652494,False
453917,Box 5 - ARIZONA BFBC MOCCA 39,ARIZONA BFBC MOCCA,39,12,X004WEBIS9,FBA19QHGWM04U000255,453917,5,151181,809410059185,4040714059181,False
453917,Box 6 - ARIZONA BFBC MOCCA 38,ARIZONA BFBC MOCCA,38,12,X004QNRIK3,FBA19QHGWM04U000407,453917,6,151181,809410059178,4040714059174,False
453917,Box 7 - ARIZONA BF BLACK 42,ARIZONA BF BLACK,42,12,X0049PUDY1,FBA19QHGWM04U000371,453917,7,51791,736399023275,4013871023272,False
453917,Box 8 - ARIZONA EVA WHITE 41,ARIZONA EVA WHITE,41,12,X004IX8D87,FBA19QHGWM04U000515,453917,8,129443,886454424902,4052001424909,False
453917,Box 9 - ARIZONA BF BLACK 42,ARIZONA BF BLACK,42,12,X0049PUDY1,FBA19QHGWM04U000372,453917,9,51791,736399023275,4013871023272,False
453917,Box 10 - ARIZONA BFBC GRAY TAUPE 41,ARIZONA BFBC GRAY TAUPE,41,8,X005BBG5FD,FBA19QHGWM04U000337,453917,10,1032019,192763097622,4067707903504,False
453917,Box 11 - SET ASIDE (NO VA A AMAZON) - ARIZONA SB EVA SURF GREEN 37,ARIZONA SB EVA SURF GREEN,37,12,,SET ASIDE,453917,11,1029744,192762526024,4067707144549,False
453917,Box 12 - ARIZONA EVA BLACK 41,ARIZONA EVA BLACK,41,12,X004IX6ZFP,FBA19QHGWM04U000521,453917,12,129421,886454426487,4052001426484,False
453917,Box 13 - ARIZONA BF BLACK 42,ARIZONA BF BLACK,42,12,X0049PUDY1,FBA19QHGWM04U000373,453917,13,51791,736399023275,4013871023272,False
453917,Box 14 - ARIZONA BF BLACK 39,ARIZONA BF BLACK,39,12,X0052EHV6B,FBA19QHGWM04U000100,453917,14,51791,736399020274,4013871020271,False
453917,Box 15 - ARIZONA BFBC MOCCA 39,ARIZONA BFBC MOCCA,39,12,X004WEBIS9,FBA19QHGWM04U000256,453917,15,151181,809410059185,4040714059181,False
453917,Box 16 - ARIZONA BFBC MOCCA 42,ARIZONA BFBC MOCCA,42,12,X004WSV7TF,FBA19QHGWM04U000071,453917,16,151181,809410059215,4040714059211,False
453917,Box 17 - BOSTON EVA BLACK 40,BOSTON EVA BLACK,40,12,X004IX19X3,FBA19QHGWM04U000558,453917,17,127103,886454652497,4052001652494,False
453917,Box 18 - SET ASIDE (NO VA A AMAZON) - BOSTON NU OILED HABANA 43,BOSTON NU OILED HABANA,43,8,,SET ASIDE,453917,18,860131,809410438195,4040714438191,False
453917,Box 19 - SET ASIDE (NO VA A AMAZON) - ARIZONA SB EVA SURF GREEN 39,ARIZONA SB EVA SURF GREEN,39,12,,SET ASIDE,453917,19,1029744,192762526086,4067707144624,False
453917,Box 20 - ARIZONA EVA BLACK 43,ARIZONA EVA BLACK,43,8,X004IXFTDJ,FBA19QHGWM04U000536,453917,20,129421,886454426500,4052001426507,False
453917,Box 21 - SET ASIDE (NO VA A AMAZON) - ARIZONA BFBC GRAY TAUPE 39,ARIZONA BFBC GRAY TAUPE,39,12,,SET ASIDE,453917,21,1032019,192763097561,4067707903429,False
453917,Box 22 - ARIZONA EVA BLACK 41,ARIZONA EVA BLACK,41,12,X004IX6ZFP,FBA19QHGWM04U000522,453917,22,129421,886454426487,4052001426484,False
453917,Box 23 - ARIZONA BFBC GRAY TAUPE 41,ARIZONA BFBC GRAY TAUPE,41,8,X005BBG5FD,FBA19QHGWM04U000338,453917,23,1032019,192763097622,4067707903504,False
453917,Box 24 - ARIZONA BFBC MOCCA 40,ARIZONA BFBC MOCCA,40,12,X004WEF0PL,FBA19QHGWM04U000430,453917,24,151181,809410059192,4040714059198,False
453918,Box 1 - ARIZONA BF BLACK 42,ARIZONA BF BLACK,42,12,X0049PUDY1,FBA19QHGWM04U000374,453918,1,51791,736399023275,4013871023272,False
453918,Box 2 - ARIZONA BF BLACK 42,ARIZONA BF BLACK,42,12,X0049PUDY1,FBA19QHGWM04U000375,453918,2,51791,736399023275,4013871023272,False
453918,Box 3 - ARIZONA BF BLACK 39,ARIZONA BF BLACK,39,12,X0052EHV6B,FBA19QHGWM04U000101,453918,3,51791,736399020274,4013871020271,False
453918,Box 4 - ARIZONA BFBC MOCCA 40,ARIZONA BFBC MOCCA,40,12,X004WEF0PL,FBA19QHGWM04U000431,453918,4,151181,809410059192,4040714059198,False
453918,Box 5 - BOSTON EVA BLACK 38,BOSTON EVA BLACK,38,12,X004IX4R9V,FBA19QHGWM04U000549,453918,5,127103,886454652473,4052001652470,False
453918,Box 6 - SET ASIDE (NO VA A AMAZON) - ARIZONA SB EVA SURF GREEN 41,ARIZONA SB EVA SURF GREEN,41,8,,SET ASIDE,453918,6,1029744,192762526147,4067707144709,False
453918,Box 7 - ARIZONA BF BLACK 39,ARIZONA BF BLACK,39,12,X0052EHV6B,FBA19QHGWM04U000102,453918,7,51791,736399020274,4013871020271,False
453918,Box 8 - ARIZONA BF BLACK 42,ARIZONA BF BLACK,42,12,X0049PUDY1,FBA19QHGWM04U000376,453918,8,51791,736399023275,4013871023272,False
453918,Box 9 - SET ASIDE (NO VA A AMAZON) - ARIZONA BFBC GRAY TAUPE 39,ARIZONA BFBC GRAY TAUPE,39,12,,SET ASIDE,453918,9,1032019,192763097561,4067707903429,False
453918,Box 10 - ARIZONA EVA WHITE 38,ARIZONA EVA WHITE,38,12,X004IWYE3L,FBA19QHGWM04U000502,453918,10,129443,886454424872,4052001424879,False
453918,Box 11 - ARIZONA BF BLACK 42,ARIZONA BF BLACK,42,12,X0049PUDY1,FBA19QHGWM04U000377,453918,11,51791,736399023275,4013871023272,False
453918,Box 12 - ARIZONA EVA BLACK 43,ARIZONA EVA BLACK,43,8,X004IXFTDJ,FBA19QHGWM04U000537,453918,12,129421,886454426500,4052001426507,False
453918,Box 13 - ARIZONA BF BLACK 39,ARIZONA BF BLACK,39,12,X0052EHV6B,FBA19QHGWM04U000103,453918,13,51791,736399020274,4013871020271,False
453918,Box 14 - ARIZONA BF BLACK 42,ARIZONA BF BLACK,42,12,X0049PUDY1,FBA19QHGWM04U000378,453918,14,51791,736399023275,4013871023272,False
453918,Box 15 - ARIZONA BF BLACK 42,ARIZONA BF BLACK,42,12,X0049PUDY1,FBA19QHGWM04U000379,453918,15,51791,736399023275,4013871023272,False
453918,Box 16 - BOSTON NU OILED HABANA 40,BOSTON NU OILED HABANA,40,12,X005BBD5JH,FBA19QHGWM04U000465,453918,16,860131,809410438164,4040714438160,False
453918,Box 17 - ARIZONA EVA BLACK 38,ARIZONA EVA BLACK,38,12,X004IX5KIX,FBA19QHGWM04U000489,453918,17,129423,886454424636,4052001424633,False
453918,Box 18 - ARIZONA BFBC MOCCA 41,ARIZONA BFBC MOCCA,41,12,X0052HPEVR,FBA19QHGWM04U000290,453918,18,151181,809410059208,4040714059204,False
453918,Box 19 - ARIZONA EVA BLACK 43,ARIZONA EVA BLACK,43,8,X004IXFTDJ,FBA19QHGWM04U000538,453918,19,129421,886454426500,4052001426507,False
453918,Box 20 - ARIZONA EVA BLACK 42,ARIZONA EVA BLACK,42,12,X004IX6XQV,FBA19QHGWM04U000526,453918,20,129421,886454426494,4052001426491,False
453918,Box 21 - ARIZONA BFBC MOCCA 39,ARIZONA BFBC MOCCA,39,12,X004WEBIS9,FBA19QHGWM04U000257,453918,21,151181,809410059185,4040714059181,False
453918,Box 22 - ARIZONA EVA BLACK 42,ARIZONA EVA BLACK,42,12,X004IX6XQV,FBA19QHGWM04U000527,453918,22,129421,886454426494,4052001426491,False
453918,Box 23 - BOSTON EVA EGGSHELL 40,BOSTON EVA EGGSHELL,40,12,X004IWTJXV,FBA19QHGWM04U000319,453918,23,1027382,192761925354,4066648349624,False
453918,Box 24 - BOSTON EVA BLACK 38,BOSTON EVA BLACK,38,12,X004IX4R9V,FBA19QHGWM04U000550,453918,24,127103,886454652473,4052001652470,False
453919,Box 1 - SET ASIDE (NO VA A AMAZON) - BOSTON NU OILED HABANA 43,BOSTON NU OILED HABANA,43,8,,SET ASIDE,453919,1,860131,809410438195,4040714438191,False
453919,Box 2 - ARIZONA EVA BLACK 42,ARIZONA EVA BLACK,42,12,X004IX6XQV,FBA19QHGWM04U000528,453919,2,129421,886454426494,4052001426491,False
453919,Box 3 - ARIZONA BFBC MOCCA 38,ARIZONA BFBC MOCCA,38,12,X004QNRIK3,FBA19QHGWM04U000408,453919,3,151181,809410059178,4040714059174,False
453919,Box 4 - ARIZONA BFBC MOCCA 37,ARIZONA BFBC MOCCA,37,12,X004WEFBWX,FBA19QHGWM04U000394,453919,4,151181,809410059161,4040714059167,False
453919,Box 5 - SET ASIDE (NO VA A AMAZON) - ARIZONA SB EVA SURF GREEN 41,ARIZONA SB EVA SURF GREEN,41,8,,SET ASIDE,453919,5,1029744,192762526147,4067707144709,False
453919,Box 6 - SET ASIDE (NO VA A AMAZON) - BOSTON LEVE OYSTER 44,BOSTON LEVE OYSTER,44,8,,SET ASIDE,453919,6,1031623,192762967568,4067707730902,False
453919,Box 7 - ARIZONA EVA BLACK 37,ARIZONA EVA BLACK,37,12,X004IWNX6P,FBA19QHGWM04U000488,453919,7,129423,886454424629,4052001424626,False
453919,Box 8 - ARIZONA BFBC MOCCA 37,ARIZONA BFBC MOCCA,37,12,X004WEFBWX,FBA19QHGWM04U000395,453919,8,151181,809410059161,4040714059167,False
453919,Box 9 - BOSTON EVA EGGSHELL 39,BOSTON EVA EGGSHELL,39,12,X004IX5K83,FBA19QHGWM04U000314,453919,9,1027382,192761925323,4066648349587,False
453919,Box 10 - ARIZONA BFBC MOCCA 40,ARIZONA BFBC MOCCA,40,12,X004WEF0PL,FBA19QHGWM04U000432,453919,10,151181,809410059192,4040714059198,False
453919,Box 11 - ARIZONA BFBC MOCCA 38,ARIZONA BFBC MOCCA,38,12,X004QNRIK3,FBA19QHGWM04U000409,453919,11,151181,809410059178,4040714059174,False
453919,Box 12 - ARIZONA BFBC MOCCA 40,ARIZONA BFBC MOCCA,40,12,X004WEF0PL,FBA19QHGWM04U000433,453919,12,151181,809410059192,4040714059198,False
453919,Box 13 - ARIZONA EVA WHITE 40,ARIZONA EVA WHITE,40,12,X004IX6PF5,FBA19QHGWM04U000507,453919,13,129443,886454424896,4052001424893,False
453919,Box 14 - BOSTON NU OILED HABANA 39,BOSTON NU OILED HABANA,39,12,X005BBE3BB,FBA19QHGWM04U000460,453919,14,860131,809410438157,4040714438153,False
453919,Box 15 - ARIZONA EVA WHITE 38,ARIZONA EVA WHITE,38,12,X004IWYE3L,FBA19QHGWM04U000503,453919,15,129443,886454424872,4052001424879,False
453919,Box 16 - ARIZONA EVA WHITE 39,ARIZONA EVA WHITE,39,12,X004IWRXIT,FBA19QHGWM04U000504,453919,16,129443,886454424889,4052001424886,False
453919,Box 17 - ARIZONA EVA WHITE 39,ARIZONA EVA WHITE,39,12,X004IWRXIT,FBA19QHGWM04U000505,453919,17,129443,886454424889,4052001424886,False
453919,Box 18 - ARIZONA BFBC STONE 42,ARIZONA BFBC STONE,42,12,X0050NSX4D,FBA19QHGWM04U000034,453919,18,151211,736399744910,4013871744917,False
453919,Box 19 - BOSTON EVA BLACK 41,BOSTON EVA BLACK,41,4,X004IX4G3N,FBA19QHGWM04U000570,453919,19,127103,886454652503,4052001652500,False
453919,Box 20 - BOSTON EVA EGGSHELL 41,BOSTON EVA EGGSHELL,41,4,X004IXJJUX,FBA19QHGWM04U000327,453919,20,1027382,192761925385,4066648349662,False
453919,Box 21 - BOSTON EVA BLACK 43,BOSTON EVA BLACK,43,4,X004IWQOGL,FBA19QHGWM04U000577,453919,21,1002314,886925336772,4052605465865,False
453919,Box 22 - BOSTON EVA BLACK 43,BOSTON EVA BLACK,43,4,X004IWQOGL,FBA19QHGWM04U000578,453919,22,1002314,886925336772,4052605465865,False
453919,Box 23 - BOSTON EVA BLACK 43,BOSTON EVA BLACK,43,4,X004IWQOGL,FBA19QHGWM04U000579,453919,23,1002314,886925336772,4052605465865,False
453919,Box 24 - BOSTON EVA BLACK 43,BOSTON EVA BLACK,43,4,X004IWQOGL,FBA19QHGWM04U000580,453919,24,1002314,886925336772,4052605465865,False
453920,Box 1 - BOSTON NU OILED HABANA 42,BOSTON NU OILED HABANA,42,8,X005BB6D87,FBA19QHGWM04U000477,453920,1,860131,809410438188,4040714438184,False
453920,Box 2 - ARIZONA BFBC MOCCA 40,ARIZONA BFBC MOCCA,40,12,X004WEF0PL,FBA19QHGWM04U000434,453920,2,151181,809410059192,4040714059198,False
453920,Box 3 - ARIZONA BFBC MOCCA 38,ARIZONA BFBC MOCCA,38,12,X004QNRIK3,FBA19QHGWM04U000410,453920,3,151181,809410059178,4040714059174,False
453920,Box 4 - ARIZONA BFBC MOCCA 38,ARIZONA BFBC MOCCA,38,12,X004QNRIK3,FBA19QHGWM04U000411,453920,4,151181,809410059178,4040714059174,False
453920,Box 5 - ARIZONA BFBC MOCCA 38,ARIZONA BFBC MOCCA,38,12,X004QNRIK3,FBA19QHGWM04U000412,453920,5,151181,809410059178,4040714059174,False
453920,Box 6 - ARIZONA BFBC MOCCA 38,ARIZONA BFBC MOCCA,38,12,X004QNRIK3,FBA19QHGWM04U000413,453920,6,151181,809410059178,4040714059174,False
453920,Box 7 - ARIZONA BFBC MOCCA 38,ARIZONA BFBC MOCCA,38,12,X004QNRIK3,FBA19QHGWM04U000414,453920,7,151181,809410059178,4040714059174,False
453920,Box 8 - ARIZONA EVA BLACK 40,ARIZONA EVA BLACK,40,12,X004IXFGSR,FBA19QHGWM04U000500,453920,8,129423,886454424650,4052001424657,False
453920,Box 9 - BOSTON NU OILED HABANA 42,BOSTON NU OILED HABANA,42,8,X005BB6D87,FBA19QHGWM04U000478,453920,9,860131,809410438188,4040714438184,False
453920,Box 10 - SET ASIDE (NO VA A AMAZON) - ARIZONA SB EVA SURF GREEN 41,ARIZONA SB EVA SURF GREEN,41,8,,SET ASIDE,453920,10,1029744,192762526147,4067707144709,False
453920,Box 11 - BOSTON EVA EGGSHELL 41,BOSTON EVA EGGSHELL,41,4,X004IXJJUX,FBA19QHGWM04U000328,453920,11,1027382,192761925385,4066648349662,False
453920,Box 12 - BOSTON EVA EGGSHELL 41,BOSTON EVA EGGSHELL,41,4,X004IXJJUX,FBA19QHGWM04U000329,453920,12,1027382,192761925385,4066648349662,False
453920,Box 13 - BOSTON EVA BLACK 43,BOSTON EVA BLACK,43,4,X004IWQOGL,FBA19QHGWM04U000581,453920,13,1002314,886925336772,4052605465865,False
453920,Box 14 - BOSTON EVA EGGSHELL 41,BOSTON EVA EGGSHELL,41,4,X004IXJJUX,FBA19QHGWM04U000330,453920,14,1027382,192761925385,4066648349662,False
453920,Box 15 - BOSTON EVA BLACK 45,BOSTON EVA BLACK,45,4,X004IX1CWV,FBA19QHGWM04U000584,453920,15,1002314,886925336796,4052605465902,False
453920,Box 16 - BOSTON EVA EGGSHELL 41,BOSTON EVA EGGSHELL,41,4,X004IXJJUX,FBA19QHGWM04U000331,453920,16,1027382,192761925385,4066648349662,False
453920,Box 17 - BOSTON EVA BLACK 43,BOSTON EVA BLACK,43,4,X004IWQOGL,FBA19QHGWM04U000582,453920,17,1002314,886925336772,4052605465865,False
453920,Box 18 - BOSTON EVA BLACK 45,BOSTON EVA BLACK,45,4,X004IX1CWV,FBA19QHGWM04U000585,453920,18,1002314,886925336796,4052605465902,False
453920,Box 19 - BOSTON EVA BLACK 44,BOSTON EVA BLACK,44,4,X004IXLYCJ,FBA19QHGWM04U000309,453920,19,1002314,886925336789,4052605465889,False
453920,Box 20 - BOSTON EVA BLACK 45,BOSTON EVA BLACK,45,4,X004IX1CWV,FBA19QHGWM04U000586,453920,20,1002314,886925336796,4052605465902,False
453920,Box 21 - ARIZONA BFBC MOCCA 39,ARIZONA BFBC MOCCA,39,12,X004WEBIS9,FBA19QHGWM04U000258,453920,21,151181,809410059185,4040714059181,False
453920,Box 22 - BOSTON EVA BLACK 44,BOSTON EVA BLACK,44,4,X004IXLYCJ,FBA19QHGWM04U000310,453920,22,1002314,886925336789,4052605465889,False
453920,Box 23 - BOSTON EVA BLACK 44,BOSTON EVA BLACK,44,4,X004IXLYCJ,FBA19QHGWM04U000311,453920,23,1002314,886925336789,4052605465889,False
453920,Box 24 - SET ASIDE (NO VA A AMAZON) - ARIZONA SB EVA SURF GREEN 41,ARIZONA SB EVA SURF GREEN,41,8,,SET ASIDE,453920,24,1029744,192762526147,4067707144709,False
453921,Box 1 - ARIZONA BFBC MOCCA 41,ARIZONA BFBC MOCCA,41,12,X0052HPEVR,FBA19QHGWM04U000291,453921,1,151181,809410059208,4040714059204,False
453921,Box 2 - SET ASIDE (NO VA A AMAZON) - BOSTON NU OILED HABANA 43,BOSTON NU OILED HABANA,43,8,,SET ASIDE,453921,2,860131,809410438195,4040714438191,False
453921,Box 3 - SET ASIDE (NO VA A AMAZON) - BOSTON NU OILED HABANA 43,BOSTON NU OILED HABANA,43,8,,SET ASIDE,453921,3,860131,809410438195,4040714438191,False
453921,Box 4 - ARIZONA EVA BLACK 44,ARIZONA EVA BLACK,44,8,X004IWYKL7,FBA19QHGWM04U000545,453921,4,129421,886454426517,4052001426514,False
453921,Box 5 - ARIZONA BFBC MOCCA 38,ARIZONA BFBC MOCCA,38,12,X004QNRIK3,FBA19QHGWM04U000415,453921,5,151181,809410059178,4040714059174,False
453921,Box 6 - ARIZONA BFBC MOCCA 38,ARIZONA BFBC MOCCA,38,12,X004QNRIK3,FBA19QHGWM04U000416,453921,6,151181,809410059178,4040714059174,False
453921,Box 7 - SET ASIDE (NO VA A AMAZON) - ARIZONA SB EVA SURF GREEN 41,ARIZONA SB EVA SURF GREEN,41,8,,SET ASIDE,453921,7,1029744,192762526147,4067707144709,False
453921,Box 8 - ARIZONA BFBC MOCCA 37,ARIZONA BFBC MOCCA,37,12,X004WEFBWX,FBA19QHGWM04U000396,453921,8,151181,809410059161,4040714059167,False
453921,Box 9 - BOSTON NU OILED HABANA 38,BOSTON NU OILED HABANA,38,12,X005BBAQOT,FBA19QHGWM04U000458,453921,9,860131,809410438140,4040714438146,False
453921,Box 10 - BOSTON NU OILED HABANA 41,BOSTON NU OILED HABANA,41,8,X005BB9KOB,FBA19QHGWM04U000472,453921,10,860131,809410438171,4040714438177,False
453921,Box 11 - ARIZONA BFBC MOCCA 39,ARIZONA BFBC MOCCA,39,12,X004WEBIS9,FBA19QHGWM04U000259,453921,11,151181,809410059185,4040714059181,False
453921,Box 12 - ARIZONA BFBC MOCCA 38,ARIZONA BFBC MOCCA,38,12,X004QNRIK3,FBA19QHGWM04U000417,453921,12,151181,809410059178,4040714059174,False
453921,Box 13 - ARIZONA BFBC MOCCA 38,ARIZONA BFBC MOCCA,38,12,X004QNRIK3,FBA19QHGWM04U000418,453921,13,151181,809410059178,4040714059174,False
453921,Box 14 - ARIZONA BFBC GRAY TAUPE 43,ARIZONA BFBC GRAY TAUPE,43,4,X005BBGBY3,FBA19QHGWM04U000348,453921,14,1032019,192763097684,4067707903580,False
453921,Box 14 - ARIZONA BFBC GRAY TAUPE 42,ARIZONA BFBC GRAY TAUPE,42,4,X005BBB5NZ,FBA19QHGWM04U000343,453921,14,1032019,192763097653,4067707903542,False
453921,Box 15 - ARIZONA BFBC MOCCA 40,ARIZONA BFBC MOCCA,40,12,X004WEF0PL,FBA19QHGWM04U000435,453921,15,151181,809410059192,4040714059198,False
453921,Box 16 - SET ASIDE (NO VA A AMAZON) - BOSTON LEVE OYSTER 42,BOSTON LEVE OYSTER,42,8,,SET ASIDE,453921,16,1031623,192762967506,4067707730827,False
453921,Box 17 - ARIZONA BFBC STONE 42,ARIZONA BFBC STONE,42,12,X0050NSX4D,FBA19QHGWM04U000035,453921,17,151211,736399744910,4013871744917,False
453921,Box 18 - ARIZONA BFBC MOCCA 37,ARIZONA BFBC MOCCA,37,12,X004WEFBWX,FBA19QHGWM04U000397,453921,18,151181,809410059161,4040714059167,False
453921,Box 19 - BOSTON EVA BLACK 39,BOSTON EVA BLACK,39,12,X004IX7WLL,FBA19QHGWM04U000555,453921,19,127103,886454652480,4052001652487,False
453921,Box 20 - ARIZONA BFBC STONE 41,ARIZONA BFBC STONE,41,12,X004WECW1B,FBA19QHGWM04U000225,453921,20,151211,736399744903,4013871744900,False
453921,Box 21 - ARIZONA BFBC STONE 42,ARIZONA BFBC STONE,42,12,X0050NSX4D,FBA19QHGWM04U000036,453921,21,151211,736399744910,4013871744917,False
453921,Box 22 - ARIZONA BFBC STONE 42,ARIZONA BFBC STONE,42,12,X0050NSX4D,FBA19QHGWM04U000037,453921,22,151211,736399744910,4013871744917,False
453921,Box 23 - ARIZONA BFBC STONE 42,ARIZONA BFBC STONE,42,12,X0050NSX4D,FBA19QHGWM04U000038,453921,23,151211,736399744910,4013871744917,False
453921,Box 24 - ARIZONA BFBC STONE 42,ARIZONA BFBC STONE,42,12,X0050NSX4D,FBA19QHGWM04U000039,453921,24,151211,736399744910,4013871744917,False
453922,Box 1 - ARIZONA BFBC STONE 42,ARIZONA BFBC STONE,42,12,X0050NSX4D,FBA19QHGWM04U000040,453922,1,151211,736399744910,4013871744917,False
453922,Box 2 - ARIZONA BFBC STONE 41,ARIZONA BFBC STONE,41,12,X004WECW1B,FBA19QHGWM04U000226,453922,2,151211,736399744903,4013871744900,False
453922,Box 3 - ARIZONA BFBC STONE 42,ARIZONA BFBC STONE,42,12,X0050NSX4D,FBA19QHGWM04U000041,453922,3,151211,736399744910,4013871744917,False
453922,Box 4 - ARIZONA BFBC STONE 42,ARIZONA BFBC STONE,42,12,X0050NSX4D,FBA19QHGWM04U000042,453922,4,151211,736399744910,4013871744917,False
453922,Box 5 - ARIZONA BF BLACK 41,ARIZONA BF BLACK,41,12,X0052EKNM5,FBA19QHGWM04U000139,453922,5,51791,736399021240,4013871021247,False
453922,Box 6 - ARIZONA BFBC STONE 42,ARIZONA BFBC STONE,42,12,X0050NSX4D,FBA19QHGWM04U000043,453922,6,151211,736399744910,4013871744917,False
453922,Box 7 - ARIZONA BFBC STONE 41,ARIZONA BFBC STONE,41,12,X004WECW1B,FBA19QHGWM04U000227,453922,7,151211,736399744903,4013871744900,False
453922,Box 8 - BOSTON NU OILED HABANA 40,BOSTON NU OILED HABANA,40,12,X005BBD5JH,FBA19QHGWM04U000466,453922,8,860131,809410438164,4040714438160,False
453922,Box 9 - BOSTON EVA BLACK 41,BOSTON EVA BLACK,41,4,X004IX4G3N,FBA19QHGWM04U000571,453922,9,127103,886454652503,4052001652500,False
453922,Box 10 - ARIZONA BF BLACK 43,ARIZONA BF BLACK,43,12,X0052EJCIV,FBA19QHGWM04U000167,453922,10,51791,736399027594,4013871027591,False
453922,Box 11 - ARIZONA BFBC MOCCA 40,ARIZONA BFBC MOCCA,40,12,X004WEF0PL,FBA19QHGWM04U000436,453922,11,151181,809410059192,4040714059198,False
453922,Box 12 - ARIZONA BFBC MOCCA 40,ARIZONA BFBC MOCCA,40,12,X004WEF0PL,FBA19QHGWM04U000437,453922,12,151181,809410059192,4040714059198,False
453922,Box 13 - ARIZONA BF BLACK 43,ARIZONA BF BLACK,43,12,X0052EJCIV,FBA19QHGWM04U000168,453922,13,51791,736399027594,4013871027591,False
453922,Box 14 - ARIZONA BFBC MOCCA 40,ARIZONA BFBC MOCCA,40,12,X004WEF0PL,FBA19QHGWM04U000438,453922,14,151181,809410059192,4040714059198,False
453922,Box 15 - ARIZONA BFBC STONE 41,ARIZONA BFBC STONE,41,12,X004WECW1B,FBA19QHGWM04U000228,453922,15,151211,736399744903,4013871744900,False
453922,Box 16 - ARIZONA BFBC STONE 41,ARIZONA BFBC STONE,41,12,X004WECW1B,FBA19QHGWM04U000229,453922,16,151211,736399744903,4013871744900,False
453922,Box 17 - ARIZONA BFBC STONE 42,ARIZONA BFBC STONE,42,12,X0050NSX4D,FBA19QHGWM04U000044,453922,17,151211,736399744910,4013871744917,False
453922,Box 18 - BOSTON EVA EGGSHELL 40,BOSTON EVA EGGSHELL,40,12,X004IWTJXV,FBA19QHGWM04U000320,453922,18,1027382,192761925354,4066648349624,False
453922,Box 19 - ARIZONA BFBC STONE 41,ARIZONA BFBC STONE,41,12,X004WECW1B,FBA19QHGWM04U000230,453922,19,151211,736399744903,4013871744900,False
453922,Box 20 - BOSTON EVA BLACK 43,BOSTON EVA BLACK,43,4,X004IWQOGL,FBA19QHGWM04U000583,453922,20,1002314,886925336772,4052605465865,False
453922,Box 21 - ARIZONA SB EVA SURF GREEN 38,ARIZONA SB EVA SURF GREEN,38,12,X005BAUZT1,FBA19QHGWM04U000333,453922,21,1029744,192762526055,4067707144587,False
453922,Box 22 - BOSTON EVA BLACK 38,BOSTON EVA BLACK,38,12,X004IX4R9V,FBA19QHGWM04U000551,453922,22,127103,886454652473,4052001652470,False
453922,Box 23 - ARIZONA BFBC STONE 42,ARIZONA BFBC STONE,42,12,X0050NSX4D,FBA19QHGWM04U000045,453922,23,151211,736399744910,4013871744917,False
453922,Box 24 - ARIZONA BFBC STONE 42,ARIZONA BFBC STONE,42,12,X0050NSX4D,FBA19QHGWM04U000046,453922,24,151211,736399744910,4013871744917,False
453923,Box 1 - ARIZONA BFBC STONE 42,ARIZONA BFBC STONE,42,12,X0050NSX4D,FBA19QHGWM04U000047,453923,1,151211,736399744910,4013871744917,False
453923,Box 2 - ARIZONA BF BLACK 43,ARIZONA BF BLACK,43,12,X0052EJCIV,FBA19QHGWM04U000169,453923,2,51791,736399027594,4013871027591,False
453923,Box 3 - ARIZONA BF BLACK 43,ARIZONA BF BLACK,43,12,X0052EJCIV,FBA19QHGWM04U000170,453923,3,51791,736399027594,4013871027591,False
453923,Box 4 - ARIZONA BF BLACK 43,ARIZONA BF BLACK,43,12,X0052EJCIV,FBA19QHGWM04U000171,453923,4,51791,736399027594,4013871027591,False
453923,Box 5 - ARIZONA BF BLACK 43,ARIZONA BF BLACK,43,12,X0052EJCIV,FBA19QHGWM04U000172,453923,5,51791,736399027594,4013871027591,False
453923,Box 6 - ARIZONA BFBC MOCCA 40,ARIZONA BFBC MOCCA,40,12,X004WEF0PL,FBA19QHGWM04U000439,453923,6,151181,809410059192,4040714059198,False
453923,Box 7 - ARIZONA BFBC MOCCA 40,ARIZONA BFBC MOCCA,40,12,X004WEF0PL,FBA19QHGWM04U000440,453923,7,151181,809410059192,4040714059198,False
453923,Box 8 - ARIZONA BF BLACK 43,ARIZONA BF BLACK,43,12,X0052EJCIV,FBA19QHGWM04U000173,453923,8,51791,736399027594,4013871027591,False
453923,Box 9 - ARIZONA BFBC MOCCA 40,ARIZONA BFBC MOCCA,40,12,X004WEF0PL,FBA19QHGWM04U000441,453923,9,151181,809410059192,4040714059198,False
453923,Box 10 - ARIZONA BF BLACK 43,ARIZONA BF BLACK,43,12,X0052EJCIV,FBA19QHGWM04U000174,453923,10,51791,736399027594,4013871027591,False
453923,Box 11 - ARIZONA BF BLACK 43,ARIZONA BF BLACK,43,12,X0052EJCIV,FBA19QHGWM04U000175,453923,11,51791,736399027594,4013871027591,False
453923,Box 12 - ARIZONA BF BLACK 43,ARIZONA BF BLACK,43,12,X0052EJCIV,FBA19QHGWM04U000176,453923,12,51791,736399027594,4013871027591,False
453923,Box 13 - ARIZONA BF BLACK 43,ARIZONA BF BLACK,43,12,X0052EJCIV,FBA19QHGWM04U000177,453923,13,51791,736399027594,4013871027591,False
453923,Box 14 - ARIZONA BF BLACK 43,ARIZONA BF BLACK,43,12,X0052EJCIV,FBA19QHGWM04U000178,453923,14,51791,736399027594,4013871027591,False
453923,Box 15 - ARIZONA BF BLACK 43,ARIZONA BF BLACK,43,12,X0052EJCIV,FBA19QHGWM04U000179,453923,15,51791,736399027594,4013871027591,False
453923,Box 16 - ARIZONA BFBC MOCCA 40,ARIZONA BFBC MOCCA,40,12,X004WEF0PL,FBA19QHGWM04U000442,453923,16,151181,809410059192,4040714059198,False
453923,Box 17 - ARIZONA BFBC MOCCA 40,ARIZONA BFBC MOCCA,40,12,X004WEF0PL,FBA19QHGWM04U000443,453923,17,151181,809410059192,4040714059198,False
453923,Box 18 - ARIZONA BFBC MOCCA 40,ARIZONA BFBC MOCCA,40,12,X004WEF0PL,FBA19QHGWM04U000444,453923,18,151181,809410059192,4040714059198,False
453923,Box 19 - ARIZONA BFBC MOCCA 40,ARIZONA BFBC MOCCA,40,12,X004WEF0PL,FBA19QHGWM04U000445,453923,19,151181,809410059192,4040714059198,False
453923,Box 20 - ARIZONA BFBC MOCCA 40,ARIZONA BFBC MOCCA,40,12,X004WEF0PL,FBA19QHGWM04U000446,453923,20,151181,809410059192,4040714059198,False
453923,Box 21 - ARIZONA BF BLACK 43,ARIZONA BF BLACK,43,12,X0052EJCIV,FBA19QHGWM04U000180,453923,21,51791,736399027594,4013871027591,False
453923,Box 22 - ARIZONA BFBC MOCCA 40,ARIZONA BFBC MOCCA,40,12,X004WEF0PL,FBA19QHGWM04U000447,453923,22,151181,809410059192,4040714059198,False
453923,Box 23 - ARIZONA BFBC MOCCA 40,ARIZONA BFBC MOCCA,40,12,X004WEF0PL,FBA19QHGWM04U000448,453923,23,151181,809410059192,4040714059198,False
453923,Box 24 - ARIZONA BFBC MOCCA 40,ARIZONA BFBC MOCCA,40,12,X004WEF0PL,FBA19QHGWM04U000449,453923,24,151181,809410059192,4040714059198,False
453924,Box 1 - ARIZONA BFBC STONE 41,ARIZONA BFBC STONE,41,12,X004WECW1B,FBA19QHGWM04U000231,453924,1,151211,736399744903,4013871744900,False
453924,Box 2 - ARIZONA BFBC STONE 41,ARIZONA BFBC STONE,41,12,X004WECW1B,FBA19QHGWM04U000232,453924,2,151211,736399744903,4013871744900,False
453924,Box 3 - ARIZONA BFBC STONE 41,ARIZONA BFBC STONE,41,12,X004WECW1B,FBA19QHGWM04U000233,453924,3,151211,736399744903,4013871744900,False
453924,Box 4 - ARIZONA BFBC STONE 42,ARIZONA BFBC STONE,42,12,X0050NSX4D,FBA19QHGWM04U000048,453924,4,151211,736399744910,4013871744917,False
453924,Box 5 - ARIZONA BFBC STONE 41,ARIZONA BFBC STONE,41,12,X004WECW1B,FBA19QHGWM04U000234,453924,5,151211,736399744903,4013871744900,False
453924,Box 6 - ARIZONA BFBC MOCCA 40,ARIZONA BFBC MOCCA,40,12,X004WEF0PL,FBA19QHGWM04U000450,453924,6,151181,809410059192,4040714059198,False
453924,Box 7 - ARIZONA BFBC MOCCA 40,ARIZONA BFBC MOCCA,40,12,X004WEF0PL,FBA19QHGWM04U000451,453924,7,151181,809410059192,4040714059198,False
453924,Box 8 - ARIZONA BFBC MOCCA 40,ARIZONA BFBC MOCCA,40,12,X004WEF0PL,FBA19QHGWM04U000452,453924,8,151181,809410059192,4040714059198,False
453924,Box 9 - ARIZONA BFBC STONE 42,ARIZONA BFBC STONE,42,12,X0050NSX4D,FBA19QHGWM04U000049,453924,9,151211,736399744910,4013871744917,False
453924,Box 10 - ARIZONA BFBC STONE 42,ARIZONA BFBC STONE,42,12,X0050NSX4D,FBA19QHGWM04U000050,453924,10,151211,736399744910,4013871744917,False
453924,Box 11 - ARIZONA BFBC STONE 41,ARIZONA BFBC STONE,41,12,X004WECW1B,FBA19QHGWM04U000235,453924,11,151211,736399744903,4013871744900,False
453924,Box 12 - ARIZONA BFBC STONE 41,ARIZONA BFBC STONE,41,12,X004WECW1B,FBA19QHGWM04U000236,453924,12,151211,736399744903,4013871744900,False
453924,Box 13 - SET ASIDE (NO VA A AMAZON) - BOSTON LEVE OYSTER 43,BOSTON LEVE OYSTER,43,4,,SET ASIDE,453924,13,1031623,192762967537,4067707730865,False
453924,Box 13 - SET ASIDE (NO VA A AMAZON) - BOSTON LEVE OYSTER 42,BOSTON LEVE OYSTER,42,4,,SET ASIDE,453924,13,1031623,192762967506,4067707730827,False
453924,Box 14 - SET ASIDE (NO VA A AMAZON) - ARIZONA SB EVA SURF GREEN 41,ARIZONA SB EVA SURF GREEN,41,3,,SET ASIDE,453924,14,1029744,192762526147,4067707144709,False
453924,Box 14 - SET ASIDE (NO VA A AMAZON) - BOSTON LEVE OYSTER 44,BOSTON LEVE OYSTER,44,1,,SET ASIDE,453924,14,1031623,192762967568,4067707730902,False
453924,Box 14 - ARIZONA BF BLACK 41,ARIZONA BF BLACK,41,3,X0052EKNM5,FBA19QHGWM04U000113,453924,14,51791,736399021240,4013871021247,False
453924,Box 14 - ARIZONA BF BLACK 41,ARIZONA BF BLACK,41,3,X0052EKNM5,FBA19QHGWM04U000114,453924,14,51791,736399021240,4013871021247,False
453924,Box 15 - BOSTON NU OILED HABANA 44,BOSTON NU OILED HABANA,44,8,X005BBDGX7,FBA19QHGWM04U000481,453924,15,860131,809410438201,4040714438207,False
453924,Box 16 - ARIZONA BF BLACK 41,ARIZONA BF BLACK,41,1,X0052EKNM5,FBA19QHGWM04U000140,453924,16,51791,736399021240,4013871021247,False
453924,Box 16 - BOSTON NU OILED HABANA 42,BOSTON NU OILED HABANA,42,4,X005BB6D87,FBA19QHGWM04U000480,453924,16,860131,809410438188,4040714438184,False
453924,Box 16 - ARIZONA EVA BLACK 38,ARIZONA EVA BLACK,38,5,X004IX5KIX,FBA19QHGWM04U000492,453924,16,129423,886454424636,4052001424633,False
453924,Box 17 - ARIZONA EVA BLACK 38,ARIZONA EVA BLACK,38,4,X004IX5KIX,FBA19QHGWM04U000490,453924,17,129423,886454424636,4052001424633,False
453924,Box 17 - SET ASIDE (NO VA A AMAZON) - BOSTON LEVE OYSTER 44,BOSTON LEVE OYSTER,44,3,,SET ASIDE,453924,17,1031623,192762967568,4067707730902,False
453924,Box 17 - BOSTON EVA EGGSHELL 40,BOSTON EVA EGGSHELL,40,3,X004IWTJXV,FBA19QHGWM04U000316,453924,17,1027382,192761925354,4066648349624,False
453924,Box 18 - BOSTON EVA EGGSHELL 40,BOSTON EVA EGGSHELL,40,3,X004IWTJXV,FBA19QHGWM04U000317,453924,18,1027382,192761925354,4066648349624,False
453924,Box 18 - ARIZONA EVA WHITE 40,ARIZONA EVA WHITE,40,3,X004IX6PF5,FBA19QHGWM04U000509,453924,18,129443,886454424896,4052001424893,False
453924,Box 18 - ARIZONA EVA BLACK 38,ARIZONA EVA BLACK,38,1,X004IX5KIX,FBA19QHGWM04U000491,453924,18,129423,886454424636,4052001424633,False
453924,Box 18 - BOSTON NU OILED HABANA 45,BOSTON NU OILED HABANA,45,1,X005BB81IH,FBA19QHGWM04U000484,453924,18,860131,809410438218,4040714438214,False
453924,Box 18 - ARIZONA EVA WHITE 40,ARIZONA EVA WHITE,40,3,X004IX6PF5,FBA19QHGWM04U000510,453924,18,129443,886454424896,4052001424893,False
453924,Box 19 - SET ASIDE (NO VA A AMAZON) - BOSTON LEVE OYSTER 38,BOSTON LEVE OYSTER,38,12,,SET ASIDE,453924,19,1031623,192762967384,4067707730667,False
453924,Box 20 - BOSTON EVA EGGSHELL 41,BOSTON EVA EGGSHELL,41,2,X004IXJJUX,FBA19QHGWM04U000321,453924,20,1027382,192761925385,4066648349662,False
453924,Box 20 - BOSTON NU OILED HABANA 45,BOSTON NU OILED HABANA,45,1,X005BB81IH,FBA19QHGWM04U000485,453924,20,860131,809410438218,4040714438214,False
453924,Box 20 - SET ASIDE (NO VA A AMAZON) - BOSTON LEVE OYSTER 41,BOSTON LEVE OYSTER,41,1,,SET ASIDE,453924,20,1031623,192762967476,4067707730780,False
453924,Box 21 - BOSTON NU OILED HABANA 45,BOSTON NU OILED HABANA,45,8,X005BB81IH,FBA19QHGWM04U000486,453924,21,860131,809410438218,4040714438214,False
453924,Box 22 - SET ASIDE (NO VA A AMAZON) - BOSTON LEVE OYSTER 41,BOSTON LEVE OYSTER,41,3,,SET ASIDE,453924,22,1031623,192762967476,4067707730780,False
453924,Box 23 - BOSTON NU OILED HABANA 44,BOSTON NU OILED HABANA,44,8,X005BBDGX7,FBA19QHGWM04U000482,453924,23,860131,809410438201,4040714438207,False
453924,Box 24 - BOSTON NU OILED HABANA 44,BOSTON NU OILED HABANA,44,8,X005BBDGX7,FBA19QHGWM04U000483,453924,24,860131,809410438201,4040714438207,False
453925,Box 1 - SET ASIDE (NO VA A AMAZON) - BOSTON LEVE OYSTER 41,BOSTON LEVE OYSTER,41,8,,SET ASIDE,453925,1,1031623,192762967476,4067707730780,False
453925,Box 2 - ARIZONA BF BLACK 40,ARIZONA BF BLACK,40,2,X0054OCU8D,FBA19QHGWM04U000181,453925,2,51791,736399059694,4013871059691,False
453925,Box 2 - ARIZONA SB EVA SURF GREEN 38,ARIZONA SB EVA SURF GREEN,38,3,X005BAUZT1,FBA19QHGWM04U000335,453925,2,1029744,192762526055,4067707144587,False
453925,Box 3 - SET ASIDE (NO VA A AMAZON) - ARIZONA SB EVA SURF GREEN 41,ARIZONA SB EVA SURF GREEN,41,1,,SET ASIDE,453925,3,1029744,192762526147,4067707144709,False
453925,Box 3 - SET ASIDE (NO VA A AMAZON) - BOSTON LEVE OYSTER 41,BOSTON LEVE OYSTER,41,8,,SET ASIDE,453925,3,1031623,192762967476,4067707730780,False
453925,Box 4 - ARIZONA EVA BLACK 43,ARIZONA EVA BLACK,43,5,X004IXFTDJ,FBA19QHGWM04U000539,453925,4,129421,886454426500,4052001426507,False
453925,Box 5 - ARIZONA SB EVA SURF GREEN 38,ARIZONA SB EVA SURF GREEN,38,6,X005BAUZT1,FBA19QHGWM04U000334,453925,5,1029744,192762526055,4067707144587,False
453925,Box 5 - ARIZONA EVA WHITE 41,ARIZONA EVA WHITE,41,5,X004IX8D87,FBA19QHGWM04U000511,453925,5,129443,886454424902,4052001424909,False
453925,Box 5 - ARIZONA EVA WHITE 41,ARIZONA EVA WHITE,41,1,X004IX8D87,FBA19QHGWM04U000512,453925,5,129443,886454424902,4052001424909,False
453925,Box 6 - ARIZONA BFBC STONE 41,ARIZONA BFBC STONE,41,12,X004WECW1B,FBA19QHGWM04U000237,453925,6,151211,736399744903,4013871744900,False
454002,Box 1 - ARIZONA BF BLACK 42,ARIZONA BF BLACK,42,12,X0049PUDY1,FBA19QHGWM04U000380,454002,1,51791,736399023275,4013871023272,False
454002,Box 2 - SET ASIDE (NO VA A AMAZON) - BOSTON LEVE OYSTER 40,BOSTON LEVE OYSTER,40,8,,SET ASIDE,454002,2,1031623,192762967445,4067707730742,False
454002,Box 3 - ARIZONA BFBC GRAY TAUPE 42,ARIZONA BFBC GRAY TAUPE,42,8,X005BBB5NZ,FBA19QHGWM04U000340,454002,3,1032019,192763097653,4067707903542,False
454002,Box 4 - BOSTON NU OILED HABANA 42,BOSTON NU OILED HABANA,42,8,X005BB6D87,FBA19QHGWM04U000479,454002,4,860131,809410438188,4040714438184,False
454002,Box 5 - ARIZONA BF BLACK 39,ARIZONA BF BLACK,39,12,X0052EHV6B,FBA19QHGWM04U000104,454002,5,51791,736399020274,4013871020271,False
454002,Box 6 - BOSTON NU OILED HABANA 39,BOSTON NU OILED HABANA,39,12,X005BBE3BB,FBA19QHGWM04U000461,454002,6,860131,809410438157,4040714438153,False
454002,Box 7 - ARIZONA BF BLACK 39,ARIZONA BF BLACK,39,12,X0052EHV6B,FBA19QHGWM04U000105,454002,7,51791,736399020274,4013871020271,False
454002,Box 8 - ARIZONA EVA WHITE 40,ARIZONA EVA WHITE,40,12,X004IX6PF5,FBA19QHGWM04U000508,454002,8,129443,886454424896,4052001424893,False
454002,Box 9 - ARIZONA BFBC MOCCA 39,ARIZONA BFBC MOCCA,39,12,X004WEBIS9,FBA19QHGWM04U000260,454002,9,151181,809410059185,4040714059181,False
454002,Box 10 - ARIZONA BF BLACK 39,ARIZONA BF BLACK,39,12,X0052EHV6B,FBA19QHGWM04U000106,454002,10,51791,736399020274,4013871020271,False
454002,Box 11 - SET ASIDE (NO VA A AMAZON) - ARIZONA SB EVA SURF GREEN 41,ARIZONA SB EVA SURF GREEN,41,8,,SET ASIDE,454002,11,1029744,192762526147,4067707144709,False
454002,Box 12 - ARIZONA BFBC MOCCA 38,ARIZONA BFBC MOCCA,38,12,X004QNRIK3,FBA19QHGWM04U000419,454002,12,151181,809410059178,4040714059174,False
454002,Box 13 - SET ASIDE (NO VA A AMAZON) - ARIZONA SB EVA SURF GREEN 40,ARIZONA SB EVA SURF GREEN,40,12,,SET ASIDE,454002,13,1029744,192762526116,4067707144662,False
454002,Box 14 - ARIZONA BFBC MOCCA 41,ARIZONA BFBC MOCCA,41,12,X0052HPEVR,FBA19QHGWM04U000292,454002,14,151181,809410059208,4040714059204,False
454002,Box 15 - ARIZONA BF BLACK 42,ARIZONA BF BLACK,42,12,X0049PUDY1,FBA19QHGWM04U000381,454002,15,51791,736399023275,4013871023272,False
454002,Box 16 - ARIZONA BF BLACK 39,ARIZONA BF BLACK,39,12,X0052EHV6B,FBA19QHGWM04U000107,454002,16,51791,736399020274,4013871020271,False
454002,Box 17 - ARIZONA BFBC MOCCA 39,ARIZONA BFBC MOCCA,39,12,X004WEBIS9,FBA19QHGWM04U000261,454002,17,151181,809410059185,4040714059181,False
454002,Box 18 - BOSTON EVA BLACK 37,BOSTON EVA BLACK,37,12,X004IX7X01,FBA19QHGWM04U000546,454002,18,127103,886454652466,4052001652463,False
454002,Box 19 - ARIZONA BF BLACK 39,ARIZONA BF BLACK,39,12,X0052EHV6B,FBA19QHGWM04U000108,454002,19,51791,736399020274,4013871020271,False
454002,Box 20 - ARIZONA BFBC MOCCA 39,ARIZONA BFBC MOCCA,39,12,X004WEBIS9,FBA19QHGWM04U000262,454002,20,151181,809410059185,4040714059181,False
454002,Box 21 - ARIZONA BF BLACK 42,ARIZONA BF BLACK,42,12,X0049PUDY1,FBA19QHGWM04U000382,454002,21,51791,736399023275,4013871023272,False
454002,Box 22 - ARIZONA BF BLACK 39,ARIZONA BF BLACK,39,12,X0052EHV6B,FBA19QHGWM04U000109,454002,22,51791,736399020274,4013871020271,False
454002,Box 23 - ARIZONA EVA BLACK 39,ARIZONA EVA BLACK,39,12,X004IWYRM9,FBA19QHGWM04U000496,454002,23,129423,886454424643,4052001424640,False
454002,Box 24 - SET ASIDE (NO VA A AMAZON) - BOSTON NU OILED HABANA 43,BOSTON NU OILED HABANA,43,8,,SET ASIDE,454002,24,860131,809410438195,4040714438191,False
454003,Box 1 - ARIZONA BF BLACK 39,ARIZONA BF BLACK,39,12,X0052EHV6B,FBA19QHGWM04U000110,454003,1,51791,736399020274,4013871020271,False
454003,Box 2 - ARIZONA BFBC GRAY TAUPE 43,ARIZONA BFBC GRAY TAUPE,43,8,X005BBGBY3,FBA19QHGWM04U000347,454003,2,1032019,192763097684,4067707903580,False
454003,Box 3 - SET ASIDE (NO VA A AMAZON) - BOSTON LEVE OYSTER 39,BOSTON LEVE OYSTER,39,12,,SET ASIDE,454003,3,1031623,192762967414,4067707730704,False
454003,Box 4 - ARIZONA BFBC MOCCA 38,ARIZONA BFBC MOCCA,38,12,X004QNRIK3,FBA19QHGWM04U000420,454003,4,151181,809410059178,4040714059174,False
454003,Box 5 - ARIZONA BF BLACK 42,ARIZONA BF BLACK,42,12,X0049PUDY1,FBA19QHGWM04U000383,454003,5,51791,736399023275,4013871023272,False
454003,Box 6 - SET ASIDE (NO VA A AMAZON) - ARIZONA BFBC GRAY TAUPE 37,ARIZONA BFBC GRAY TAUPE,37,12,,SET ASIDE,454003,6,1032019,192763097509,4067707903344,False
454003,Box 7 - ARIZONA BF BLACK 42,ARIZONA BF BLACK,42,12,X0049PUDY1,FBA19QHGWM04U000384,454003,7,51791,736399023275,4013871023272,False
454003,Box 8 - SET ASIDE (NO VA A AMAZON) - ARIZONA SB EVA SURF GREEN 40,ARIZONA SB EVA SURF GREEN,40,12,,SET ASIDE,454003,8,1029744,192762526116,4067707144662,False
454003,Box 9 - ARIZONA BFBC MOCCA 38,ARIZONA BFBC MOCCA,38,12,X004QNRIK3,FBA19QHGWM04U000421,454003,9,151181,809410059178,4040714059174,False
454003,Box 10 - ARIZONA BF BLACK 42,ARIZONA BF BLACK,42,12,X0049PUDY1,FBA19QHGWM04U000385,454003,10,51791,736399023275,4013871023272,False
454003,Box 11 - ARIZONA BF BLACK 42,ARIZONA BF BLACK,42,12,X0049PUDY1,FBA19QHGWM04U000386,454003,11,51791,736399023275,4013871023272,False
454003,Box 12 - ARIZONA BF BLACK 39,ARIZONA BF BLACK,39,12,X0052EHV6B,FBA19QHGWM04U000111,454003,12,51791,736399020274,4013871020271,False
454003,Box 13 - BOSTON EVA EGGSHELL 39,BOSTON EVA EGGSHELL,39,12,X004IX5K83,FBA19QHGWM04U000315,454003,13,1027382,192761925323,4066648349587,False
454003,Box 14 - BOSTON NU OILED HABANA 39,BOSTON NU OILED HABANA,39,12,X005BBE3BB,FBA19QHGWM04U000462,454003,14,860131,809410438157,4040714438153,False
454003,Box 15 - ARIZONA BF BLACK 42,ARIZONA BF BLACK,42,12,X0049PUDY1,FBA19QHGWM04U000387,454003,15,51791,736399023275,4013871023272,False
454003,Box 16 - ARIZONA BFBC GRAY TAUPE 42,ARIZONA BFBC GRAY TAUPE,42,8,X005BBB5NZ,FBA19QHGWM04U000341,454003,16,1032019,192763097653,4067707903542,False
454003,Box 17 - BOSTON EVA BLACK 37,BOSTON EVA BLACK,37,12,X004IX7X01,FBA19QHGWM04U000547,454003,17,127103,886454652466,4052001652463,False
454003,Box 18 - ARIZONA BF BLACK 42,ARIZONA BF BLACK,42,12,X0049PUDY1,FBA19QHGWM04U000388,454003,18,51791,736399023275,4013871023272,False
454003,Box 19 - ARIZONA BFBC GRAY TAUPE 42,ARIZONA BFBC GRAY TAUPE,42,8,X005BBB5NZ,FBA19QHGWM04U000342,454003,19,1032019,192763097653,4067707903542,False
454003,Box 20 - ARIZONA BF BLACK 39,ARIZONA BF BLACK,39,12,X0052EHV6B,FBA19QHGWM04U000112,454003,20,51791,736399020274,4013871020271,False
454003,Box 21 - ARIZONA EVA BLACK 42,ARIZONA EVA BLACK,42,12,X004IX6XQV,FBA19QHGWM04U000529,454003,21,129421,886454426494,4052001426491,False
454003,Box 22 - SET ASIDE (NO VA A AMAZON) - ARIZONA SB EVA SURF GREEN 39,ARIZONA SB EVA SURF GREEN,39,12,,SET ASIDE,454003,22,1029744,192762526086,4067707144624,False
454003,Box 23 - ARIZONA BFBC MOCCA 38,ARIZONA BFBC MOCCA,38,12,X004QNRIK3,FBA19QHGWM04U000422,454003,23,151181,809410059178,4040714059174,False
454003,Box 24 - BOSTON EVA BLACK 40,BOSTON EVA BLACK,40,12,X004IX19X3,FBA19QHGWM04U000559,454003,24,127103,886454652497,4052001652494,False
