PACKING LIST,630 UNIDADES,,,,,,,,,,,,,,,
Style,Size,Description,Pallet Salida,BOX O,EAN-CODE,UPC,QTY,MEDIDAS CAJAS EN PULGADAS,,,PESO (LBS),Shipment # 1,Set Aside,FNSKU,AMAZON Labels,OTHER SKU
129443,37,ARIZONA EVA WHITE,453901,1,4052001424862,886454424865,12,18,18,13,18,12,,X004IXFTO3,FBA19QHGWM04U000501,
51791,44,ARIZONA BF BLACK,453901,2,4013871035442,736399035445,12,18,18,13,18,12,,X0049PN01T,FBA19QHGWM04U000001,
1031623,43,BOSTON LEVE OYSTER,453901,3,4067707730865,192762967537,8,18,18,13,12,,8,,,
51791,39,ARIZONA BF BLACK,453901,4,4013871020271,736399020274,12,18,18,13,18,12,,X0052EHV6B,FBA19QHGWM04U000073,
1029744,41,ARIZONA SB EVA SURF GREEN,453901,5,4067707144709,192762526147,8,18,18,13,12,,8,,,
1032019,38,ARIZONA BFBC GRAY TAUPE,453901,6,4067707903382,192763097530,12,18,18,13,18,,12,,,
1031623,40,BOSTON LEVE OYSTER,453901,7,4067707730742,192762967445,8,18,18,13,12,,8,,,
151181,37,ARIZONA BFBC MOCCA,453901,8,4040714059167,809410059161,12,18,18,13,18,12,,X004WEFBWX,FBA19QHGWM04U000389,
127103,38,BOSTON EVA BLACK,453901,9,4052001652470,886454652473,12,18,18,13,18,12,,X004IX4R9V,FBA19QHGWM04U000548,
151181,40,ARIZONA BFBC MOCCA,453901,10,4040714059198,809410059192,12,18,18,13,18,12,,X004WEF0PL,FBA19QHGWM04U000423,
129421,44,ARIZONA EVA BLACK,453901,11,4052001426514,886454426517,8,18,18,13,12,8,,X004IWYKL7,FBA19QHGWM04U000540,
129421,44,ARIZONA EVA BLACK,453901,12,4052001426514,886454426517,8,18,18,13,12,8,,X004IWYKL7,FBA19QHGWM04U000541,
860131,41,BOSTON NU OILED HABANA,453901,13,4040714438177,809410438171,8,18,18,13,12,8,,X005BB9KOB,FBA19QHGWM04U000467,
1027382,38,BOSTON EVA EGGSHELL,453901,14,4066648349549,192761925293,12,18,18,13,18,12,,X004IXJK2P,FBA19QHGWM04U000312,
51791,41,ARIZONA BF BLACK,453901,15,4013871021247,736399021240,12,18,18,13,18,12,,X0052EKNM5,FBA19QHGWM04U000115,
127103,39,BOSTON EVA BLACK,453901,16,4052001652487,886454652480,12,18,18,13,18,12,,X004IX7WLL,FBA19QHGWM04U000552,
151181,40,ARIZONA BFBC MOCCA,453901,17,4040714059198,809410059192,12,18,18,13,18,12,,X004WEF0PL,FBA19QHGWM04U000424,
1029744,40,ARIZONA SB EVA SURF GREEN,453901,18,4067707144662,192762526116,12,18,18,13,18,,12,,,
129421,43,ARIZONA EVA BLACK,453901,19,4052001426507,886454426500,8,18,18,13,12,8,,X004IXFTDJ,FBA19QHGWM04U000530,
129421,42,ARIZONA EVA BLACK,453901,20,4052001426491,886454426494,12,18,18,13,18,12,,X004IX6XQV,FBA19QHGWM04U000523,
151181,41,ARIZONA BFBC MOCCA,453901,21,4040714059204,809410059208,12,18,18,13,18,12,,X0052HPEVR,FBA19QHGWM04U000263,
1029744,41,ARIZONA SB EVA SURF GREEN,453901,22,4067707144709,192762526147,8,18,18,13,12,,8,,,
151181,41,ARIZONA BFBC MOCCA,453901,23,4040714059204,809410059208,12,18,18,13,18,12,,X0052HPEVR,FBA19QHGWM04U000264,
151181,41,ARIZONA BFBC MOCCA,453901,24,4040714059204,809410059208,12,18,18,13,18,12,,X0052HPEVR,FBA19QHGWM04U000265,
151181,39,ARIZONA BFBC MOCCA,453902,1,4040714059181,809410059185,12,18,18,13,18,12,,X004WEBIS9,FBA19QHGWM04U000238,
51791,39,ARIZONA BF BLACK,453902,2,4013871020271,736399020274,12,18,18,13,18,12,,X0052EHV6B,FBA19QHGWM04U000074,
151181,38,ARIZONA BFBC MOCCA,453902,3,4040714059174,809410059178,12,18,18,13,18,12,,X004QNRIK3,FBA19QHGWM04U000398,
151181,40,ARIZONA BFBC MOCCA,453902,4,4040714059198,809410059192,12,18,18,13,18,12,,X004WEF0PL,FBA19QHGWM04U000425,
151181,39,ARIZONA BFBC MOCCA,453902,5,4040714059181,809410059185,12,18,18,13,18,12,,X004WEBIS9,FBA19QHGWM04U000239,
1032019,40,ARIZONA BFBC GRAY TAUPE,453902,6,4067707903467,192763097592,12,18,18,13,18,,12,,,
51791,42,ARIZONA BF BLACK,453902,7,4013871023272,736399023275,12,18,18,13,18,12,,X0049PUDY1,FBA19QHGWM04U000349,
51791,39,ARIZONA BF BLACK,453902,8,4013871020271,736399020274,12,18,18,13,18,12,,X0052EHV6B,FBA19QHGWM04U000075,
151181,41,ARIZONA BFBC MOCCA,453902,9,4040714059204,809410059208,12,18,18,13,18,12,,X0052HPEVR,FBA19QHGWM04U000266,
51791,39,ARIZONA BF BLACK,453902,10,4013871020271,736399020274,12,18,18,13,18,12,,X0052EHV6B,FBA19QHGWM04U000076,
1032019,40,ARIZONA BFBC GRAY TAUPE,453902,11,4067707903467,192763097592,12,18,18,13,18,,12,,,
860131,41,BOSTON NU OILED HABANA,453902,12,4040714438177,809410438171,8,18,18,13,12,8,,X005BB9KOB,FBA19QHGWM04U000468,
1027382,38,BOSTON EVA EGGSHELL,453902,13,4066648349549,192761925293,12,18,18,13,18,12,,X004IXJK2P,FBA19QHGWM04U000313,
151181,40,ARIZONA BFBC MOCCA,453902,14,4040714059198,809410059192,12,18,18,13,18,12,,X004WEF0PL,FBA19QHGWM04U000426,
51791,39,ARIZONA BF BLACK,453902,15,4013871020271,736399020274,12,18,18,13,18,12,,X0052EHV6B,FBA19QHGWM04U000077,
1029744,40,ARIZONA SB EVA SURF GREEN,453902,16,4067707144662,192762526116,12,18,18,13,18,,12,,,
860131,42,BOSTON NU OILED HABANA,453902,17,4040714438184,809410438188,8,18,18,13,12,8,,X005BB6D87,FBA19QHGWM04U000473,
151181,38,ARIZONA BFBC MOCCA,453902,18,4040714059174,809410059178,12,18,18,13,18,12,,X004QNRIK3,FBA19QHGWM04U000399,
51791,42,ARIZONA BF BLACK,453902,19,4013871023272,736399023275,12,18,18,13,18,12,,X0049PUDY1,FBA19QHGWM04U000350,
51791,39,ARIZONA BF BLACK,453902,20,4013871020271,736399020274,12,18,18,13,18,12,,X0052EHV6B,FBA19QHGWM04U000078,
151181,41,ARIZONA BFBC MOCCA,453902,21,4040714059204,809410059208,12,18,18,13,18,12,,X0052HPEVR,FBA19QHGWM04U000267,
51791,39,ARIZONA BF BLACK,453902,22,4013871020271,736399020274,12,18,18,13,18,12,,X0052EHV6B,FBA19QHGWM04U000079,
51791,44,ARIZONA BF BLACK,453902,23,4013871035442,736399035445,12,18,18,13,18,12,,X0049PN01T,FBA19QHGWM04U000002,
51791,43,ARIZONA BF BLACK,453902,24,4013871027591,736399027594,12,18,18,13,18,12,,X0052EJCIV,FBA19QHGWM04U000141,
860131,43,BOSTON NU OILED HABANA,453903,1,4040714438191,809410438195,8,18,18,13,12,,8,,,
51791,42,ARIZONA BF BLACK,453903,2,4013871023272,736399023275,12,18,18,13,18,12,,X0049PUDY1,FBA19QHGWM04U000351,
1029744,41,ARIZONA SB EVA SURF GREEN,453903,3,4067707144709,192762526147,8,18,18,13,12,,8,,,
51791,42,ARIZONA BF BLACK,453903,4,4013871023272,736399023275,12,18,18,13,18,12,,X0049PUDY1,FBA19QHGWM04U000352,
129443,41,ARIZONA EVA WHITE,453903,5,4052001424909,886454424902,12,18,18,13,18,12,,X004IX8D87,FBA19QHGWM04U000513,
51791,39,ARIZONA BF BLACK,453903,6,4013871020271,736399020274,12,18,18,13,18,12,,X0052EHV6B,FBA19QHGWM04U000080,
51791,42,ARIZONA BF BLACK,453903,7,4013871023272,736399023275,12,18,18,13,18,12,,X0049PUDY1,FBA19QHGWM04U000353,
51791,44,ARIZONA BF BLACK,453903,8,4013871035442,736399035445,12,18,18,13,18,12,,X0049PN01T,FBA19QHGWM04U000003,
151181,39,ARIZONA BFBC MOCCA,453903,9,4040714059181,809410059185,12,18,18,13,18,12,,X004WEBIS9,FBA19QHGWM04U000240,
51791,42,ARIZONA BF BLACK,453903,10,4013871023272,736399023275,12,18,18,13,18,12,,X0049PUDY1,FBA19QHGWM04U000354,
1032019,43,ARIZONA BFBC GRAY TAUPE,453903,11,4067707903580,192763097684,8,18,18,13,12,8,,X005BBGBY3,FBA19QHGWM04U000344,
151181,39,ARIZONA BFBC MOCCA,453903,12,4040714059181,809410059185,12,18,18,13,18,12,,X004WEBIS9,FBA19QHGWM04U000241,
51791,42,ARIZONA BF BLACK,453903,13,4013871023272,736399023275,12,18,18,13,18,12,,X0049PUDY1,FBA19QHGWM04U000355,
1027382,40,BOSTON EVA EGGSHELL,453903,14,4066648349624,192761925354,12,18,18,13,18,12,,X004IWTJXV,FBA19QHGWM04U000318,
151181,39,ARIZONA BFBC MOCCA,453903,15,4040714059181,809410059185,12,18,18,13,18,12,,X004WEBIS9,FBA19QHGWM04U000242,
151181,38,ARIZONA BFBC MOCCA,453903,16,4040714059174,809410059178,12,18,18,13,18,12,,X004QNRIK3,FBA19QHGWM04U000400,
1029744,41,ARIZONA SB EVA SURF GREEN,453903,17,4067707144709,192762526147,8,18,18,13,12,,8,,,
51791,44,ARIZONA BF BLACK,453903,18,4013871035442,736399035445,12,18,18,13,18,12,,X0049PN01T,FBA19QHGWM04U000004,
51791,42,ARIZONA BF BLACK,453903,19,4013871023272,736399023275,12,18,18,13,18,12,,X0049PUDY1,FBA19QHGWM04U000356,
1032019,38,ARIZONA BFBC GRAY TAUPE,453903,20,4067707903382,192763097530,12,18,18,13,18,,12,,,
51791,39,ARIZONA BF BLACK,453903,21,4013871020271,736399020274,12,18,18,13,18,12,,X0052EHV6B,FBA19QHGWM04U000081,
51791,39,ARIZONA BF BLACK,453903,22,4013871020271,736399020274,12,18,18,13,18,12,,X0052EHV6B,FBA19QHGWM04U000082,
51791,39,ARIZONA BF BLACK,453903,23,4013871020271,736399020274,12,18,18,13,18,12,,X0052EHV6B,FBA19QHGWM04U000083,
51791,42,ARIZONA BF BLACK,453903,24,4013871023272,736399023275,12,18,18,13,18,12,,X0049PUDY1,FBA19QHGWM04U000357,
51791,39,ARIZONA BF BLACK,453904,1,4013871020271,736399020274,12,18,18,13,18,12,,X0052EHV6B,FBA19QHGWM04U000084,
51791,39,ARIZONA BF BLACK,453904,2,4013871020271,736399020274,12,18,18,13,18,12,,X0052EHV6B,FBA19QHGWM04U000085,
151181,37,ARIZONA BFBC MOCCA,453904,3,4040714059167,809410059161,12,18,18,13,18,12,,X004WEFBWX,FBA19QHGWM04U000390,
1032019,43,ARIZONA BFBC GRAY TAUPE,453904,4,4067707903580,192763097684,8,18,18,13,12,8,,X005BBGBY3,FBA19QHGWM04U000345,
129423,40,ARIZONA EVA BLACK,453904,5,4052001424657,886454424650,12,18,18,13,18,12,,X004IXFGSR,FBA19QHGWM04U000497,
51791,39,ARIZONA BF BLACK,453904,6,4013871020271,736399020274,12,18,18,13,18,12,,X0052EHV6B,FBA19QHGWM04U000086,
129423,40,ARIZONA EVA BLACK,453904,7,4052001424657,886454424650,12,18,18,13,18,12,,X004IXFGSR,FBA19QHGWM04U000498,
51791,39,ARIZONA BF BLACK,453904,8,4013871020271,736399020274,12,18,18,13,18,12,,X0052EHV6B,FBA19QHGWM04U000087,
1027382,37,BOSTON EVA EGGSHELL,453904,9,4066648349501,192761925262,12,18,18,13,18,12,,X004IX0GV9,FBA19QHGWM04U000072,
51791,42,ARIZONA BF BLACK,453904,10,4013871023272,736399023275,12,18,18,13,18,12,,X0049PUDY1,FBA19QHGWM04U000358,
127103,39,BOSTON EVA BLACK,453904,11,4052001652487,886454652480,12,18,18,13,18,12,,X004IX7WLL,FBA19QHGWM04U000553,
129421,43,ARIZONA EVA BLACK,453904,12,4052001426507,886454426500,8,18,18,13,12,8,,X004IXFTDJ,FBA19QHGWM04U000531,
129421,43,ARIZONA EVA BLACK,453904,13,4052001426507,886454426500,8,18,18,13,12,8,,X004IXFTDJ,FBA19QHGWM04U000532,
1029744,40,ARIZONA SB EVA SURF GREEN,453904,14,4067707144662,192762526116,12,18,18,13,18,,12,,,
51791,39,ARIZONA BF BLACK,453904,15,4013871020271,736399020274,12,18,18,13,18,12,,X0052EHV6B,FBA19QHGWM04U000088,
1032019,38,ARIZONA BFBC GRAY TAUPE,453904,16,4067707903382,192763097530,12,18,18,13,18,,12,,,
51791,39,ARIZONA BF BLACK,453904,17,4013871020271,736399020274,12,18,18,13,18,12,,X0052EHV6B,FBA19QHGWM04U000089,
51791,39,ARIZONA BF BLACK,453904,18,4013871020271,736399020274,12,18,18,13,18,12,,X0052EHV6B,FBA19QHGWM04U000090,
51791,42,ARIZONA BF BLACK,453904,19,4013871023272,736399023275,12,18,18,13,18,12,,X0049PUDY1,FBA19QHGWM04U000359,
129421,43,ARIZONA EVA BLACK,453904,20,4052001426507,886454426500,8,18,18,13,12,8,,X004IXFTDJ,FBA19QHGWM04U000533,
129421,41,ARIZONA EVA BLACK,453904,21,4052001426484,886454426487,12,18,18,13,18,12,,X004IX6ZFP,FBA19QHGWM04U000516,
129421,41,ARIZONA EVA BLACK,453904,22,4052001426484,886454426487,12,18,18,13,18,12,,X004IX6ZFP,FBA19QHGWM04U000517,
151181,39,ARIZONA BFBC MOCCA,453904,23,4040714059181,809410059185,12,18,18,13,18,12,,X004WEBIS9,FBA19QHGWM04U000243,
51791,39,ARIZONA BF BLACK,453904,24,4013871020271,736399020274,12,18,18,13,18,12,,X0052EHV6B,FBA19QHGWM04U000091,
1029744,37,ARIZONA SB EVA SURF GREEN,453905,1,4067707144549,192762526024,12,18,18,13,18,,12,,,
1032019,42,ARIZONA BFBC GRAY TAUPE,453905,2,4067707903542,192763097653,8,18,18,13,12,8,,X005BBB5NZ,FBA19QHGWM04U000339,
860131,42,BOSTON NU OILED HABANA,453905,3,4040714438184,809410438188,8,18,18,13,12,8,,X005BB6D87,FBA19QHGWM04U000474,
51791,39,ARIZONA BF BLACK,453905,4,4013871020271,736399020274,12,18,18,13,18,12,,X0052EHV6B,FBA19QHGWM04U000092,
1029744,40,ARIZONA SB EVA SURF GREEN,453905,5,4067707144662,192762526116,12,18,18,13,18,,12,,,
151181,39,ARIZONA BFBC MOCCA,453905,6,4040714059181,809410059185,12,18,18,13,18,12,,X004WEBIS9,FBA19QHGWM04U000244,
129421,44,ARIZONA EVA BLACK,453905,7,4052001426514,886454426517,8,18,18,13,12,8,,X004IWYKL7,FBA19QHGWM04U000542,
51791,41,ARIZONA BF BLACK,453905,8,4013871021247,736399021240,12,18,18,13,18,12,,X0052EKNM5,FBA19QHGWM04U000116,
51791,40,ARIZONA BF BLACK,453905,9,4013871059691,736399059694,12,18,18,13,18,12,,X0054OCU8D,FBA19QHGWM04U000182,
51791,40,ARIZONA BF BLACK,453905,10,4013871059691,736399059694,12,18,18,13,18,12,,X0054OCU8D,FBA19QHGWM04U000183,
51791,41,ARIZONA BF BLACK,453905,11,4013871021247,736399021240,12,18,18,13,18,12,,X0052EKNM5,FBA19QHGWM04U000117,
51791,44,ARIZONA BF BLACK,453905,12,4013871035442,736399035445,12,18,18,13,18,12,,X0049PN01T,FBA19QHGWM04U000005,
51791,44,ARIZONA BF BLACK,453905,13,4013871035442,736399035445,12,18,18,13,18,12,,X0049PN01T,FBA19QHGWM04U000006,
51791,44,ARIZONA BF BLACK,453905,14,4013871035442,736399035445,12,18,18,13,18,12,,X0049PN01T,FBA19QHGWM04U000007,
51791,44,ARIZONA BF BLACK,453905,15,4013871035442,736399035445,12,18,18,13,18,12,,X0049PN01T,FBA19QHGWM04U000008,
51791,41,ARIZONA BF BLACK,453905,16,4013871021247,736399021240,12,18,18,13,18,12,,X0052EKNM5,FBA19QHGWM04U000118,
51791,44,ARIZONA BF BLACK,453905,17,4013871035442,736399035445,12,18,18,13,18,12,,X0049PN01T,FBA19QHGWM04U000009,
51791,44,ARIZONA BF BLACK,453905,18,4013871035442,736399035445,12,18,18,13,18,12,,X0049PN01T,FBA19QHGWM04U000010,
51791,40,ARIZONA BF BLACK,453905,19,4013871059691,736399059694,12,18,18,13,18,12,,X0054OCU8D,FBA19QHGWM04U000184,
51791,41,ARIZONA BF BLACK,453905,20,4013871021247,736399021240,12,18,18,13,18,12,,X0052EKNM5,FBA19QHGWM04U000119,
51791,41,ARIZONA BF BLACK,453905,21,4013871021247,736399021240,12,18,18,13,18,12,,X0052EKNM5,FBA19QHGWM04U000120,
51791,40,ARIZONA BF BLACK,453905,22,4013871059691,736399059694,12,18,18,13,18,12,,X0054OCU8D,FBA19QHGWM04U000185,
51791,44,ARIZONA BF BLACK,453905,23,4013871035442,736399035445,12,18,18,13,18,12,,X0049PN01T,FBA19QHGWM04U000011,
51791,40,ARIZONA BF BLACK,453905,24,4013871059691,736399059694,12,18,18,13,18,12,,X0054OCU8D,FBA19QHGWM04U000186,
51791,44,ARIZONA BF BLACK,453906,1,4013871035442,736399035445,12,18,18,13,18,12,,X0049PN01T,FBA19QHGWM04U000012,
51791,41,ARIZONA BF BLACK,453906,2,4013871021247,736399021240,12,18,18,13,18,12,,X0052EKNM5,FBA19QHGWM04U000121,
51791,44,ARIZONA BF BLACK,453906,3,4013871035442,736399035445,12,18,18,13,18,12,,X0049PN01T,FBA19QHGWM04U000013,
51791,40,ARIZONA BF BLACK,453906,4,4013871059691,736399059694,12,18,18,13,18,12,,X0054OCU8D,FBA19QHGWM04U000187,
51791,40,ARIZONA BF BLACK,453906,5,4013871059691,736399059694,12,18,18,13,18,12,,X0054OCU8D,FBA19QHGWM04U000188,
129421,44,ARIZONA EVA BLACK,453906,6,4052001426514,886454426517,8,18,18,13,12,8,,X004IWYKL7,FBA19QHGWM04U000543,
51791,39,ARIZONA BF BLACK,453906,7,4013871020271,736399020274,12,18,18,13,18,12,,X0052EHV6B,FBA19QHGWM04U000093,
129421,44,ARIZONA EVA BLACK,453906,8,4052001426514,886454426517,8,18,18,13,12,8,,X004IWYKL7,FBA19QHGWM04U000544,
51791,40,ARIZONA BF BLACK,453906,9,4013871059691,736399059694,12,18,18,13,18,12,,X0054OCU8D,FBA19QHGWM04U000189,
51791,42,ARIZONA BF BLACK,453906,10,4013871023272,736399023275,12,18,18,13,18,12,,X0049PUDY1,FBA19QHGWM04U000360,
151181,39,ARIZONA BFBC MOCCA,453906,11,4040714059181,809410059185,12,18,18,13,18,12,,X004WEBIS9,FBA19QHGWM04U000245,
51791,39,ARIZONA BF BLACK,453906,12,4013871020271,736399020274,12,18,18,13,18,12,,X0052EHV6B,FBA19QHGWM04U000094,
151181,41,ARIZONA BFBC MOCCA,453906,13,4040714059204,809410059208,12,18,18,13,18,12,,X0052HPEVR,FBA19QHGWM04U000268,
51791,41,ARIZONA BF BLACK,453906,14,4013871021247,736399021240,12,18,18,13,18,12,,X0052EKNM5,FBA19QHGWM04U000122,
151181,41,ARIZONA BFBC MOCCA,453906,15,4040714059204,809410059208,12,18,18,13,18,12,,X0052HPEVR,FBA19QHGWM04U000269,
51791,44,ARIZONA BF BLACK,453906,16,4013871035442,736399035445,12,18,18,13,18,12,,X0049PN01T,FBA19QHGWM04U000014,
1032019,40,ARIZONA BFBC GRAY TAUPE,453906,17,4067707903467,192763097592,12,18,18,13,18,,12,,,
127103,41,BOSTON EVA BLACK,453906,18,4052001652500,886454652503,4,18,18,13,6,4,,X004IX4G3N,FBA19QHGWM04U000560,
1002314,43,BOSTON EVA BLACK,453906,19,4052605465865,886925336772,4,18,18,13,6,4,,X004IWQOGL,FBA19QHGWM04U000572,
1002314,43,BOSTON EVA BLACK,453906,20,4052605465865,886925336772,4,18,18,13,6,4,,X004IWQOGL,FBA19QHGWM04U000573,
1002314,44,BOSTON EVA BLACK,453906,21,4052605465889,886925336789,4,18,18,13,6,4,,X004IXLYCJ,FBA19QHGWM04U000306,
1002314,43,BOSTON EVA BLACK,453906,22,4052605465865,886925336772,4,18,18,13,6,4,,X004IWQOGL,FBA19QHGWM04U000574,
1027382,41,BOSTON EVA EGGSHELL,453906,23,4066648349662,192761925385,4,18,18,13,6,4,,X004IXJJUX,FBA19QHGWM04U000322,
127103,41,BOSTON EVA BLACK,453906,24,4052001652500,886454652503,4,18,18,13,6,4,,X004IX4G3N,FBA19QHGWM04U000561,
151181,41,ARIZONA BFBC MOCCA,453907,1,4040714059204,809410059208,12,18,18,13,18,12,,X0052HPEVR,FBA19QHGWM04U000270,
51791,41,ARIZONA BF BLACK,453907,2,4013871021247,736399021240,12,18,18,13,18,12,,X0052EKNM5,FBA19QHGWM04U000123,
151181,41,ARIZONA BFBC MOCCA,453907,3,4040714059204,809410059208,12,18,18,13,18,12,,X0052HPEVR,FBA19QHGWM04U000271,
51791,41,ARIZONA BF BLACK,453907,4,4013871021247,736399021240,12,18,18,13,18,12,,X0052EKNM5,FBA19QHGWM04U000124,
51791,41,ARIZONA BF BLACK,453907,5,4013871021247,736399021240,12,18,18,13,18,12,,X0052EKNM5,FBA19QHGWM04U000125,
51791,41,ARIZONA BF BLACK,453907,6,4013871021247,736399021240,12,18,18,13,18,12,,X0052EKNM5,FBA19QHGWM04U000126,
151181,41,ARIZONA BFBC MOCCA,453907,7,4040714059204,809410059208,12,18,18,13,18,12,,X0052HPEVR,FBA19QHGWM04U000272,
51791,44,ARIZONA BF BLACK,453907,8,4013871035442,736399035445,12,18,18,13,18,12,,X0049PN01T,FBA19QHGWM04U000015,
151181,41,ARIZONA BFBC MOCCA,453907,9,4040714059204,809410059208,12,18,18,13,18,12,,X0052HPEVR,FBA19QHGWM04U000273,
51791,41,ARIZONA BF BLACK,453907,10,4013871021247,736399021240,12,18,18,13,18,12,,X0052EKNM5,FBA19QHGWM04U000127,
1027382,41,BOSTON EVA EGGSHELL,453907,11,4066648349662,192761925385,4,18,18,13,6,4,,X004IXJJUX,FBA19QHGWM04U000323,
1002314,44,BOSTON EVA BLACK,453907,12,4052605465889,886925336789,4,18,18,13,6,4,,X004IXLYCJ,FBA19QHGWM04U000307,
1027382,41,BOSTON EVA EGGSHELL,453907,13,4066648349662,192761925385,4,18,18,13,6,4,,X004IXJJUX,FBA19QHGWM04U000324,
1027382,41,BOSTON EVA EGGSHELL,453907,14,4066648349662,192761925385,4,18,18,13,6,4,,X004IXJJUX,FBA19QHGWM04U000325,
151181,41,ARIZONA BFBC MOCCA,453907,15,4040714059204,809410059208,12,18,18,13,18,12,,X0052HPEVR,FBA19QHGWM04U000274,
151181,41,ARIZONA BFBC MOCCA,453907,16,4040714059204,809410059208,12,18,18,13,18,12,,X0052HPEVR,FBA19QHGWM04U000275,
51791,41,ARIZONA BF BLACK,453907,17,4013871021247,736399021240,12,18,18,13,18,12,,X0052EKNM5,FBA19QHGWM04U000128,
1032019,41,ARIZONA BFBC GRAY TAUPE,453907,18,4067707903504,192763097622,8,18,18,13,12,8,,X005BBG5FD,FBA19QHGWM04U000336,
51791,41,ARIZONA BF BLACK,453907,19,4013871021247,736399021240,12,18,18,13,18,12,,X0052EKNM5,FBA19QHGWM04U000129,
129421,41,ARIZONA EVA BLACK,453907,20,4052001426484,886454426487,12,18,18,13,18,12,,X004IX6ZFP,FBA19QHGWM04U000518,
51791,41,ARIZONA BF BLACK,453907,21,4013871021247,736399021240,12,18,18,13,18,12,,X0052EKNM5,FBA19QHGWM04U000130,
860131,39,BOSTON NU OILED HABANA,453907,22,4040714438153,809410438157,12,18,18,13,18,12,,X005BBE3BB,FBA19QHGWM04U000459,
129423,37,ARIZONA EVA BLACK,453907,23,4052001424626,886454424629,12,18,18,13,18,12,,X004IWNX6P,FBA19QHGWM04U000487,
51791,41,ARIZONA BF BLACK,453907,24,4013871021247,736399021240,12,18,18,13,18,12,,X0052EKNM5,FBA19QHGWM04U000131,
151181,39,ARIZONA BFBC MOCCA,453908,1,4040714059181,809410059185,12,18,18,13,18,12,,X004WEBIS9,FBA19QHGWM04U000246,
51791,41,ARIZONA BF BLACK,453908,2,4013871021247,736399021240,12,18,18,13,18,12,,X0052EKNM5,FBA19QHGWM04U000132,
129421,43,ARIZONA EVA BLACK,453908,3,4052001426507,886454426500,8,18,18,13,12,8,,X004IXFTDJ,FBA19QHGWM04U000534,
51791,41,ARIZONA BF BLACK,453908,4,4013871021247,736399021240,12,18,18,13,18,12,,X0052EKNM5,FBA19QHGWM04U000133,
1029744,38,ARIZONA SB EVA SURF GREEN,453908,5,4067707144587,192762526055,12,18,18,13,18,12,,X005BAUZT1,FBA19QHGWM04U000332,
51791,41,ARIZONA BF BLACK,453908,6,4013871021247,736399021240,12,18,18,13,18,12,,X0052EKNM5,FBA19QHGWM04U000134,
129443,40,ARIZONA EVA WHITE,453908,7,4052001424893,886454424896,12,18,18,13,18,12,,X004IX6PF5,FBA19QHGWM04U000506,
1002314,43,BOSTON EVA BLACK,453908,8,4052605465865,886925336772,4,18,18,13,6,4,,X004IWQOGL,FBA19QHGWM04U000575,
127103,41,BOSTON EVA BLACK,453908,9,4052001652500,886454652503,4,18,18,13,6,4,,X004IX4G3N,FBA19QHGWM04U000562,
1002314,44,BOSTON EVA BLACK,453908,10,4052605465889,886925336789,4,18,18,13,6,4,,X004IXLYCJ,FBA19QHGWM04U000308,
1027382,41,BOSTON EVA EGGSHELL,453908,11,4066648349662,192761925385,4,18,18,13,6,4,,X004IXJJUX,FBA19QHGWM04U000326,
129421,43,ARIZONA EVA BLACK,453908,12,4052001426507,886454426500,8,18,18,13,12,8,,X004IXFTDJ,FBA19QHGWM04U000535,
127103,41,BOSTON EVA BLACK,453908,13,4052001652500,886454652503,4,18,18,13,6,4,,X004IX4G3N,FBA19QHGWM04U000563,
151181,41,ARIZONA BFBC MOCCA,453908,14,4040714059204,809410059208,12,18,18,13,18,12,,X0052HPEVR,FBA19QHGWM04U000276,
860131,41,BOSTON NU OILED HABANA,453908,15,4040714438177,809410438171,8,18,18,13,12,8,,X005BB9KOB,FBA19QHGWM04U000469,
860131,41,BOSTON NU OILED HABANA,453908,16,4040714438177,809410438171,8,18,18,13,12,8,,X005BB9KOB,FBA19QHGWM04U000470,
127103,40,BOSTON EVA BLACK,453908,17,4052001652494,886454652497,12,18,18,13,18,12,,X004IX19X3,FBA19QHGWM04U000556,
129423,39,ARIZONA EVA BLACK,453908,18,4052001424640,886454424643,12,18,18,13,18,12,,X004IWYRM9,FBA19QHGWM04U000493,
129423,40,ARIZONA EVA BLACK,453908,19,4052001424657,886454424650,12,18,18,13,18,12,,X004IXFGSR,FBA19QHGWM04U000499,
1029744,39,ARIZONA SB EVA SURF GREEN,453908,20,4067707144624,192762526086,12,18,18,13,18,,12,,,
51791,41,ARIZONA BF BLACK,453908,21,4013871021247,736399021240,12,18,18,13,18,12,,X0052EKNM5,FBA19QHGWM04U000135,
1002314,42,BOSTON EVA BLACK,453908,22,4052605465841,886925336765,4,18,18,13,6,4,,X004IWS52H,FBA19QHGWM04U000293,
151181,37,ARIZONA BFBC MOCCA,453908,23,4040714059167,809410059161,12,18,18,13,18,12,,X004WEFBWX,FBA19QHGWM04U000391,
1002314,42,BOSTON EVA BLACK,453908,24,4052605465841,886925336765,4,18,18,13,6,4,,X004IWS52H,FBA19QHGWM04U000294,
1002314,42,BOSTON EVA BLACK,453909,1,4052605465841,886925336765,4,18,18,13,6,4,,X004IWS52H,FBA19QHGWM04U000295,
51791,41,ARIZONA BF BLACK,453909,2,4013871021247,736399021240,12,18,18,13,18,12,,X0052EKNM5,FBA19QHGWM04U000136,
860131,42,BOSTON NU OILED HABANA,453909,3,4040714438184,809410438188,8,18,18,13,12,8,,X005BB6D87,FBA19QHGWM04U000475,
860131,41,BOSTON NU OILED HABANA,453909,4,4040714438177,809410438171,8,18,18,13,12,8,,X005BB9KOB,FBA19QHGWM04U000471,
1002314,42,BOSTON EVA BLACK,453909,5,4052605465841,886925336765,14,36,18,18,20,14,,X004IWS52H,FBA19QHGWM04U000305,
51791,41,ARIZONA BF BLACK,453909,6,4013871021247,736399021240,12,18,18,13,18,12,,X0052EKNM5,FBA19QHGWM04U000137,
1002314,42,BOSTON EVA BLACK,453909,7,4052605465841,886925336765,4,18,18,13,6,4,,X004IWS52H,FBA19QHGWM04U000296,
151211,41,ARIZONA BFBC STONE,453909,8,4013871744900,736399744903,12,18,18,13,18,12,,X004WECW1B,FBA19QHGWM04U000211,
151181,37,ARIZONA BFBC MOCCA,453909,9,4040714059167,809410059161,12,18,18,13,18,12,,X004WEFBWX,FBA19QHGWM04U000392,
1002314,42,BOSTON EVA BLACK,453909,10,4052605465841,886925336765,4,18,18,13,6,4,,X004IWS52H,FBA19QHGWM04U000297,
1002314,42,BOSTON EVA BLACK,453909,11,4052605465841,886925336765,4,18,18,13,6,4,,X004IWS52H,FBA19QHGWM04U000298,
860131,40,BOSTON NU OILED HABANA,453909,12,4040714438160,809410438164,12,18,18,13,18,12,,X005BBD5JH,FBA19QHGWM04U000463,
151181,38,ARIZONA BFBC MOCCA,453909,13,4040714059174,809410059178,12,18,18,13,18,12,,X004QNRIK3,FBA19QHGWM04U000401,
129443,41,ARIZONA EVA WHITE,453909,14,4052001424909,886454424902,12,18,18,13,18,12,,X004IX8D87,FBA19QHGWM04U000514,
151181,40,ARIZONA BFBC MOCCA,453909,15,4040714059198,809410059192,12,18,18,13,18,12,,X004WEF0PL,FBA19QHGWM04U000427,
51791,37,ARIZONA BF BLACK,453909,16,4013871078739,736399078732,12,18,18,13,18,12,,X0054OBX9P,FBA19QHGWM04U000051,
51791,40,ARIZONA BF BLACK,453909,17,4013871059691,736399059694,12,18,18,13,18,12,,X0054OCU8D,FBA19QHGWM04U000190,
860131,40,BOSTON NU OILED HABANA,453909,18,4040714438160,809410438164,12,18,18,13,18,12,,X005BBD5JH,FBA19QHGWM04U000464,
51791,42,ARIZONA BF BLACK,453909,19,4013871023272,736399023275,12,18,18,13,18,12,,X0049PUDY1,FBA19QHGWM04U000361,
151211,41,ARIZONA BFBC STONE,453909,20,4013871744900,736399744903,12,18,18,13,18,12,,X004WECW1B,FBA19QHGWM04U000212,
51791,40,ARIZONA BF BLACK,453909,21,4013871059691,736399059694,12,18,18,13,18,12,,X0054OCU8D,FBA19QHGWM04U000191,
1002314,42,BOSTON EVA BLACK,453909,22,4052605465841,886925336765,4,18,18,13,6,4,,X004IWS52H,FBA19QHGWM04U000299,
51791,42,ARIZONA BF BLACK,453909,23,4013871023272,736399023275,12,18,18,13,18,12,,X0049PUDY1,FBA19QHGWM04U000362,
1002314,42,BOSTON EVA BLACK,453909,24,4052605465841,886925336765,4,18,18,13,6,4,,X004IWS52H,FBA19QHGWM04U000300,
860131,38,BOSTON NU OILED HABANA,453910,1,4040714438146,809410438140,12,18,18,13,18,12,,X005BBAQOT,FBA19QHGWM04U000455,
151211,41,ARIZONA BFBC STONE,453910,3,4013871744900,736399744903,12,18,18,13,18,12,,X004WECW1B,FBA19QHGWM04U000213,
51791,41,ARIZONA BF BLACK,453910,4,4013871021247,736399021240,12,18,18,13,18,12,,X0052EKNM5,FBA19QHGWM04U000138,
129423,39,ARIZONA EVA BLACK,453910,5,4052001424640,886454424643,12,18,18,13,18,12,,X004IWYRM9,FBA19QHGWM04U000494,
151181,38,ARIZONA BFBC MOCCA,453910,6,4040714059174,809410059178,12,18,18,13,18,12,,X004QNRIK3,FBA19QHGWM04U000402,
151211,41,ARIZONA BFBC STONE,453910,7,4013871744900,736399744903,12,18,18,13,18,12,,X004WECW1B,FBA19QHGWM04U000214,
151211,41,ARIZONA BFBC STONE,453910,9,4013871744900,736399744903,12,18,18,13,18,12,,X004WECW1B,FBA19QHGWM04U000215,
151211,41,ARIZONA BFBC STONE,453910,10,4013871744900,736399744903,12,18,18,13,18,12,,X004WECW1B,FBA19QHGWM04U000216,
1002314,42,BOSTON EVA BLACK,453910,11,4052605465841,886925336765,4,18,18,13,6,4,,X004IWS52H,FBA19QHGWM04U000301,
51791,44,ARIZONA BF BLACK,453910,12,4013871035442,736399035445,12,18,18,13,18,12,,X0049PN01T,FBA19QHGWM04U000016,
1002314,43,BOSTON EVA BLACK,453910,13,4052605465865,886925336772,4,18,18,13,6,4,,X004IWQOGL,FBA19QHGWM04U000576,
151181,37,ARIZONA BFBC MOCCA,453910,14,4040714059167,809410059161,12,18,18,13,18,12,,X004WEFBWX,FBA19QHGWM04U000393,
51791,44,ARIZONA BF BLACK,453910,15,4013871035442,736399035445,12,18,18,13,18,12,,X0049PN01T,FBA19QHGWM04U000017,
129423,39,ARIZONA EVA BLACK,453910,16,4052001424640,886454424643,12,18,18,13,18,12,,X004IWYRM9,FBA19QHGWM04U000495,
151211,41,ARIZONA BFBC STONE,453910,17,4013871744900,736399744903,12,18,18,13,18,12,,X004WECW1B,FBA19QHGWM04U000217,
51791,40,ARIZONA BF BLACK,453910,18,4013871059691,736399059694,12,18,18,13,18,12,,X0054OCU8D,FBA19QHGWM04U000192,
1002314,42,BOSTON EVA BLACK,453910,19,4052605465841,886925336765,4,18,18,13,6,4,,X004IWS52H,FBA19QHGWM04U000302,
1032019,39,ARIZONA BFBC GRAY TAUPE,453910,20,4067707903429,192763097561,12,18,18,13,18,,12,,,
51791,37,ARIZONA BF BLACK,453910,21,4013871078739,736399078732,12,18,18,13,18,12,,X0054OBX9P,FBA19QHGWM04U000052,
151211,41,ARIZONA BFBC STONE,453910,22,4013871744900,736399744903,12,18,18,13,18,12,,X004WECW1B,FBA19QHGWM04U000218,
51791,42,ARIZONA BF BLACK,453910,23,4013871023272,736399023275,12,18,18,13,18,12,,X0049PUDY1,FBA19QHGWM04U000363,
51791,44,ARIZONA BF BLACK,453910,24,4013871035442,736399035445,12,18,18,13,18,12,,X0049PN01T,FBA19QHGWM04U000018,
151211,41,ARIZONA BFBC STONE,453911,1,4013871744900,736399744903,12,18,18,13,18,12,,X004WECW1B,FBA19QHGWM04U000219,
151181,39,ARIZONA BFBC MOCCA,453911,2,4040714059181,809410059185,12,18,18,13,18,12,,X004WEBIS9,FBA19QHGWM04U000247,
51791,44,ARIZONA BF BLACK,453911,3,4013871035442,736399035445,12,18,18,13,18,12,,X0049PN01T,FBA19QHGWM04U000019,
151211,41,ARIZONA BFBC STONE,453911,4,4013871744900,736399744903,12,18,18,13,18,12,,X004WECW1B,FBA19QHGWM04U000220,
51791,44,ARIZONA BF BLACK,453911,6,4013871035442,736399035445,12,18,18,13,18,12,,X0049PN01T,FBA19QHGWM04U000020,
151211,42,ARIZONA BFBC STONE,453911,7,4013871744917,736399744910,12,18,18,13,18,12,,X0050NSX4D,FBA19QHGWM04U000031,8O-6TPB-HF1J 
1002314,42,BOSTON EVA BLACK,453911,8,4052605465841,886925336765,4,18,18,13,6,4,,X004IWS52H,FBA19QHGWM04U000303,
1002314,42,BOSTON EVA BLACK,453911,9,4052605465841,886925336765,2,18,18,13,3,2,,X004IWS52H,FBA19QHGWM04U000304,
151211,42,ARIZONA BFBC STONE,453911,10,4013871744917,736399744910,12,18,18,13,18,12,,X0050NSX4D,FBA19QHGWM04U000032,8O-6TPB-HF1J 
151211,41,ARIZONA BFBC STONE,453911,11,4013871744900,736399744903,12,18,18,13,18,12,,X004WECW1B,FBA19QHGWM04U000221,
151211,41,ARIZONA BFBC STONE,453911,12,4013871744900,736399744903,12,18,18,13,18,12,,X004WECW1B,FBA19QHGWM04U000222,
151211,41,ARIZONA BFBC STONE,453911,13,4013871744900,736399744903,12,18,18,13,18,12,,X004WECW1B,FBA19QHGWM04U000223,
51791,44,ARIZONA BF BLACK,453911,14,4013871035442,736399035445,12,18,18,13,18,12,,X0049PN01T,FBA19QHGWM04U000021,
129421,41,ARIZONA EVA BLACK,453911,15,4052001426484,886454426487,12,18,18,13,18,12,,X004IX6ZFP,FBA19QHGWM04U000519,
860131,38,BOSTON NU OILED HABANA,453911,16,4040714438146,809410438140,12,18,18,13,18,12,,X005BBAQOT,FBA19QHGWM04U000456,
151181,41,ARIZONA BFBC MOCCA,453911,16,4040714059204,809410059208,12,18,18,13,18,12,,X0052HPEVR,FBA19QHGWM04U000277,
51791,44,ARIZONA BF BLACK,453911,18,4013871035442,736399035445,12,18,18,13,18,12,,X0049PN01T,FBA19QHGWM04U000022,
151181,41,ARIZONA BFBC MOCCA,453911,19,4040714059204,809410059208,12,18,18,13,18,12,,X0052HPEVR,FBA19QHGWM04U000278,
151181,41,ARIZONA BFBC MOCCA,453911,20,4040714059204,809410059208,12,18,18,13,18,12,,X0052HPEVR,FBA19QHGWM04U000279,
151181,41,ARIZONA BFBC MOCCA,453911,21,4040714059204,809410059208,12,18,18,13,18,12,,X0052HPEVR,FBA19QHGWM04U000280,
151181,39,ARIZONA BFBC MOCCA,453911,22,4040714059181,809410059185,12,18,18,13,18,12,,X004WEBIS9,FBA19QHGWM04U000248,
51791,44,ARIZONA BF BLACK,453911,23,4013871035442,736399035445,12,18,18,13,18,12,,X0049PN01T,FBA19QHGWM04U000023,
51791,44,ARIZONA BF BLACK,453911,24,4013871035442,736399035445,12,18,18,13,18,12,,X0049PN01T,FBA19QHGWM04U000024,
151181,38,ARIZONA BFBC MOCCA,453912,1,4040714059174,809410059178,12,18,18,13,18,12,,X004QNRIK3,FBA19QHGWM04U000403,
51791,44,ARIZONA BF BLACK,453912,2,4013871035442,736399035445,12,18,18,13,18,12,,X0049PN01T,FBA19QHGWM04U000025,
151181,39,ARIZONA BFBC MOCCA,453912,3,4040714059181,809410059185,12,18,18,13,18,12,,X004WEBIS9,FBA19QHGWM04U000249,
51791,44,ARIZONA BF BLACK,453912,4,4013871035442,736399035445,12,18,18,13,18,12,,X0049PN01T,FBA19QHGWM04U000026,
51791,44,ARIZONA BF BLACK,453912,5,4013871035442,736399035445,12,18,18,13,18,12,,X0049PN01T,FBA19QHGWM04U000027,
51791,44,ARIZONA BF BLACK,453912,6,4013871035442,736399035445,12,18,18,13,18,12,,X0049PN01T,FBA19QHGWM04U000028,
127103,41,BOSTON EVA BLACK,453912,7,4052001652500,886454652503,4,18,18,13,6,4,,X004IX4G3N,FBA19QHGWM04U000564,
51791,44,ARIZONA BF BLACK,453912,8,4013871035442,736399035445,12,18,18,13,18,12,,X0049PN01T,FBA19QHGWM04U000029,
151181,42,ARIZONA BFBC MOCCA,453912,9,4040714059211,809410059215,12,18,18,13,18,12,,X004WSV7TF,FBA19QHGWM04U000053,
51791,44,ARIZONA BF BLACK,453912,10,4013871035442,736399035445,12,18,18,13,18,12,,X0049PN01T,FBA19QHGWM04U000030,
151181,41,ARIZONA BFBC MOCCA,453912,11,4040714059204,809410059208,12,18,18,13,18,12,,X0052HPEVR,FBA19QHGWM04U000281,
151181,38,ARIZONA BFBC MOCCA,453912,12,4040714059174,809410059178,12,18,18,13,18,12,,X004QNRIK3,FBA19QHGWM04U000404,
127103,41,BOSTON EVA BLACK,453912,13,4052001652500,886454652503,4,18,18,13,6,4,,X004IX4G3N,FBA19QHGWM04U000565,
151181,40,ARIZONA BFBC MOCCA,453912,14,4040714059198,809410059192,12,18,18,13,18,12,,X004WEF0PL,FBA19QHGWM04U000428,
860131,38,BOSTON NU OILED HABANA,453912,15,4040714438146,809410438140,12,18,18,13,18,12,,X005BBAQOT,FBA19QHGWM04U000457,
151181,41,ARIZONA BFBC MOCCA,453912,16,4040714059204,809410059208,12,18,18,13,18,12,,X0052HPEVR,FBA19QHGWM04U000282,
151181,38,ARIZONA BFBC MOCCA,453912,17,4040714059174,809410059178,12,18,18,13,18,12,,X004QNRIK3,FBA19QHGWM04U000405,
129421,42,ARIZONA EVA BLACK,453912,18,4052001426491,886454426494,12,18,18,13,18,12,,X004IX6XQV,FBA19QHGWM04U000524,
151211,42,ARIZONA BFBC STONE,453912,19,4013871744917,736399744910,12,18,18,13,18,12,,X0050NSX4D,FBA19QHGWM04U000033,8O-6TPB-HF1J 
151211,41,ARIZONA BFBC STONE,453912,20,4013871744900,736399744903,12,18,18,13,18,12,,X004WECW1B,FBA19QHGWM04U000224,
151181,41,ARIZONA BFBC MOCCA,453912,21,4040714059204,809410059208,12,18,18,13,18,12,,X0052HPEVR,FBA19QHGWM04U000283,
151181,42,ARIZONA BFBC MOCCA,453912,22,4040714059211,809410059215,12,18,18,13,18,12,,X004WSV7TF,FBA19QHGWM04U000054,
151181,42,ARIZONA BFBC MOCCA,453912,23,4040714059211,809410059215,12,18,18,13,18,12,,X004WSV7TF,FBA19QHGWM04U000055,
151181,42,ARIZONA BFBC MOCCA,453912,24,4040714059211,809410059215,12,18,18,13,18,12,,X004WSV7TF,FBA19QHGWM04U000056,
151181,42,ARIZONA BFBC MOCCA,453913,1,4040714059211,809410059215,12,18,18,13,18,12,,X004WSV7TF,FBA19QHGWM04U000057,
151181,42,ARIZONA BFBC MOCCA,453913,2,4040714059211,809410059215,12,18,18,13,18,12,,X004WSV7TF,FBA19QHGWM04U000058,
151181,42,ARIZONA BFBC MOCCA,453913,3,4040714059211,809410059215,12,18,18,13,18,12,,X004WSV7TF,FBA19QHGWM04U000059,
151181,41,ARIZONA BFBC MOCCA,453913,4,4040714059204,809410059208,12,18,18,13,18,12,,X0052HPEVR,FBA19QHGWM04U000284,
51791,43,ARIZONA BF BLACK,453913,5,4013871027591,736399027594,12,18,18,13,18,12,,X0052EJCIV,FBA19QHGWM04U000142,
51791,40,ARIZONA BF BLACK,453913,6,4013871059691,736399059694,12,18,18,13,18,12,,X0054OCU8D,FBA19QHGWM04U000193,
51791,43,ARIZONA BF BLACK,453913,7,4013871027591,736399027594,12,18,18,13,18,12,,X0052EJCIV,FBA19QHGWM04U000143,
127103,41,BOSTON EVA BLACK,453913,8,4052001652500,886454652503,4,18,18,13,6,4,,X004IX4G3N,FBA19QHGWM04U000566,
151181,42,ARIZONA BFBC MOCCA,453913,9,4040714059211,809410059215,12,18,18,13,18,12,,X004WSV7TF,FBA19QHGWM04U000060,
127103,41,BOSTON EVA BLACK,453913,10,4052001652500,886454652503,4,18,18,13,6,4,,X004IX4G3N,FBA19QHGWM04U000567,
127103,41,BOSTON EVA BLACK,453913,11,4052001652500,886454652503,4,18,18,13,6,4,,X004IX4G3N,FBA19QHGWM04U000568,
127103,41,BOSTON EVA BLACK,453913,13,4052001652500,886454652503,4,18,18,13,6,4,,X004IX4G3N,FBA19QHGWM04U000569,
151181,41,ARIZONA BFBC MOCCA,453913,14,4040714059204,809410059208,12,18,18,13,18,12,,X0052HPEVR,FBA19QHGWM04U000285,
51791,40,ARIZONA BF BLACK,453913,15,4013871059691,736399059694,12,18,18,13,18,12,,X0054OCU8D,FBA19QHGWM04U000194,
51791,43,ARIZONA BF BLACK,453913,16,4013871027591,736399027594,12,18,18,13,18,12,,X0052EJCIV,FBA19QHGWM04U000144,
151181,41,ARIZONA BFBC MOCCA,453913,17,4040714059204,809410059208,12,18,18,13,18,12,,X0052HPEVR,FBA19QHGWM04U000286,
51791,43,ARIZONA BF BLACK,453913,18,4013871027591,736399027594,12,18,18,13,18,12,,X0052EJCIV,FBA19QHGWM04U000145,
151181,42,ARIZONA BFBC MOCCA,453913,20,4040714059211,809410059215,12,18,18,13,18,12,,X004WSV7TF,FBA19QHGWM04U000061,
151181,42,ARIZONA BFBC MOCCA,453913,21,4040714059211,809410059215,12,18,18,13,18,12,,X004WSV7TF,FBA19QHGWM04U000062,
151181,42,ARIZONA BFBC MOCCA,453913,22,4040714059211,809410059215,12,18,18,13,18,12,,X004WSV7TF,FBA19QHGWM04U000063,
151181,42,ARIZONA BFBC MOCCA,453913,23,4040714059211,809410059215,12,18,18,13,18,12,,X004WSV7TF,FBA19QHGWM04U000064,
51791,43,ARIZONA BF BLACK,453913,24,4013871027591,736399027594,12,18,18,13,18,12,,X0052EJCIV,FBA19QHGWM04U000146,
151181,42,ARIZONA BFBC MOCCA,453914,1,4040714059211,809410059215,12,18,18,13,18,12,,X004WSV7TF,FBA19QHGWM04U000065,
151181,42,ARIZONA BFBC MOCCA,453914,2,4040714059211,809410059215,12,18,18,13,18,12,,X004WSV7TF,FBA19QHGWM04U000066,
51791,43,ARIZONA BF BLACK,453914,3,4013871027591,736399027594,12,18,18,13,18,12,,X0052EJCIV,FBA19QHGWM04U000147,
51791,43,ARIZONA BF BLACK,453914,4,4013871027591,736399027594,12,18,18,13,18,12,,X0052EJCIV,FBA19QHGWM04U000148,
151181,42,ARIZONA BFBC MOCCA,453914,5,4040714059211,809410059215,12,18,18,13,18,12,,X004WSV7TF,FBA19QHGWM04U000067,
51791,40,ARIZONA BF BLACK,453914,6,4013871059691,736399059694,12,18,18,13,18,12,,X0054OCU8D,FBA19QHGWM04U000195,
51791,40,ARIZONA BF BLACK,453914,7,4013871059691,736399059694,12,18,18,13,18,12,,X0054OCU8D,FBA19QHGWM04U000196,
51791,43,ARIZONA BF BLACK,453914,8,4013871027591,736399027594,12,18,18,13,18,12,,X0052EJCIV,FBA19QHGWM04U000149,
51791,40,ARIZONA BF BLACK,453914,9,4013871059691,736399059694,12,18,18,13,18,12,,X0054OCU8D,FBA19QHGWM04U000197,
51791,43,ARIZONA BF BLACK,453914,10,4013871027591,736399027594,12,18,18,13,18,12,,X0052EJCIV,FBA19QHGWM04U000150,
51791,43,ARIZONA BF BLACK,453914,11,4013871027591,736399027594,12,18,18,13,18,12,,X0052EJCIV,FBA19QHGWM04U000151,
151181,42,ARIZONA BFBC MOCCA,453914,12,4040714059211,809410059215,12,18,18,13,18,12,,X004WSV7TF,FBA19QHGWM04U000068,
151181,42,ARIZONA BFBC MOCCA,453914,13,4040714059211,809410059215,12,18,18,13,18,12,,X004WSV7TF,FBA19QHGWM04U000069,
51791,40,ARIZONA BF BLACK,453914,14,4013871059691,736399059694,12,18,18,13,18,12,,X0054OCU8D,FBA19QHGWM04U000198,
51791,40,ARIZONA BF BLACK,453914,15,4013871059691,736399059694,12,18,18,13,18,12,,X0054OCU8D,FBA19QHGWM04U000199,
51791,43,ARIZONA BF BLACK,453914,16,4013871027591,736399027594,12,18,18,13,18,12,,X0052EJCIV,FBA19QHGWM04U000152,
51791,43,ARIZONA BF BLACK,453914,17,4013871027591,736399027594,12,18,18,13,18,12,,X0052EJCIV,FBA19QHGWM04U000153,
51791,40,ARIZONA BF BLACK,453914,18,4013871059691,736399059694,12,18,18,13,18,12,,X0054OCU8D,FBA19QHGWM04U000200,
51791,40,ARIZONA BF BLACK,453914,19,4013871059691,736399059694,12,18,18,13,18,12,,X0054OCU8D,FBA19QHGWM04U000201,
51791,40,ARIZONA BF BLACK,453914,20,4013871059691,736399059694,12,18,18,13,18,12,,X0054OCU8D,FBA19QHGWM04U000202,
51791,43,ARIZONA BF BLACK,453914,21,4013871027591,736399027594,12,18,18,13,18,12,,X0052EJCIV,FBA19QHGWM04U000154,
51791,43,ARIZONA BF BLACK,453914,22,4013871027591,736399027594,12,18,18,13,18,12,,X0052EJCIV,FBA19QHGWM04U000155,
51791,43,ARIZONA BF BLACK,453914,23,4013871027591,736399027594,12,18,18,13,18,12,,X0052EJCIV,FBA19QHGWM04U000156,
51791,43,ARIZONA BF BLACK,453914,24,4013871027591,736399027594,12,18,18,13,18,12,,X0052EJCIV,FBA19QHGWM04U000157,
51791,43,ARIZONA BF BLACK,453915,1,4013871027591,736399027594,12,18,18,13,18,12,,X0052EJCIV,FBA19QHGWM04U000158,
51791,43,ARIZONA BF BLACK,453915,2,4013871027591,736399027594,12,18,18,13,18,12,,X0052EJCIV,FBA19QHGWM04U000159,
51791,43,ARIZONA BF BLACK,453915,3,4013871027591,736399027594,12,18,18,13,18,12,,X0052EJCIV,FBA19QHGWM04U000160,
51791,40,ARIZONA BF BLACK,453915,4,4013871059691,736399059694,12,18,18,13,18,12,,X0054OCU8D,FBA19QHGWM04U000203,
51791,43,ARIZONA BF BLACK,453915,5,4013871027591,736399027594,12,18,18,13,18,12,,X0052EJCIV,FBA19QHGWM04U000161,
51791,43,ARIZONA BF BLACK,453915,6,4013871027591,736399027594,12,18,18,13,18,12,,X0052EJCIV,FBA19QHGWM04U000162,
51791,43,ARIZONA BF BLACK,453915,7,4013871027591,736399027594,12,18,18,13,18,12,,X0052EJCIV,FBA19QHGWM04U000163,
51791,43,ARIZONA BF BLACK,453915,8,4013871027591,736399027594,12,18,18,13,18,12,,X0052EJCIV,FBA19QHGWM04U000164,
51791,40,ARIZONA BF BLACK,453915,9,4013871059691,736399059694,12,18,18,13,18,12,,X0054OCU8D,FBA19QHGWM04U000204,
51791,43,ARIZONA BF BLACK,453915,10,4013871027591,736399027594,12,18,18,13,18,12,,X0052EJCIV,FBA19QHGWM04U000165,
51791,43,ARIZONA BF BLACK,453915,11,4013871027591,736399027594,12,18,18,13,18,12,,X0052EJCIV,FBA19QHGWM04U000166,
51791,40,ARIZONA BF BLACK,453915,12,4013871059691,736399059694,12,18,18,13,18,12,,X0054OCU8D,FBA19QHGWM04U000205,
51791,40,ARIZONA BF BLACK,453915,13,4013871059691,736399059694,12,18,18,13,18,12,,X0054OCU8D,FBA19QHGWM04U000206,
151181,42,ARIZONA BFBC MOCCA,453915,14,4040714059211,809410059215,12,18,18,13,18,12,,X004WSV7TF,FBA19QHGWM04U000070,
51791,40,ARIZONA BF BLACK,453915,15,4013871059691,736399059694,12,18,18,13,18,12,,X0054OCU8D,FBA19QHGWM04U000207,
1032019,43,ARIZONA BFBC GRAY TAUPE,453915,16,4067707903580,192763097684,8,18,18,13,12,8,,X005BBGBY3,FBA19QHGWM04U000346,
127103,39,BOSTON EVA BLACK,453915,17,4052001652487,886454652480,12,18,18,13,18,12,,X004IX7WLL,FBA19QHGWM04U000554,
151181,39,ARIZONA BFBC MOCCA,453915,18,4040714059181,809410059185,12,18,18,13,18,12,,X004WEBIS9,FBA19QHGWM04U000250,
51791,40,ARIZONA BF BLACK,453915,19,4013871059691,736399059694,12,18,18,13,18,12,,X0054OCU8D,FBA19QHGWM04U000208,
151181,41,ARIZONA BFBC MOCCA,453915,20,4040714059204,809410059208,12,18,18,13,18,12,,X0052HPEVR,FBA19QHGWM04U000287,
51791,42,ARIZONA BF BLACK,453915,21,4013871023272,736399023275,12,18,18,13,18,12,,X0049PUDY1,FBA19QHGWM04U000364,
1031623,40,BOSTON LEVE OYSTER,453915,22,4067707730742,192762967445,8,18,18,13,12,,8,,,
51791,39,ARIZONA BF BLACK,453915,23,4013871020271,736399020274,12,18,18,13,18,12,,X0052EHV6B,FBA19QHGWM04U000095,
860131,42,BOSTON NU OILED HABANA,453915,24,4040714438184,809410438188,8,18,18,13,12,8,,X005BB6D87,FBA19QHGWM04U000476,
51791,39,ARIZONA BF BLACK,453916,1,4013871020271,736399020274,12,18,18,13,18,12,,X0052EHV6B,FBA19QHGWM04U000096,
51791,42,ARIZONA BF BLACK,453916,2,4013871023272,736399023275,12,18,18,13,18,12,,X0049PUDY1,FBA19QHGWM04U000365,
1031623,39,BOSTON LEVE OYSTER,453916,3,4067707730704,192762967414,12,18,18,13,18,,12,,,
51791,39,ARIZONA BF BLACK,453916,4,4013871020271,736399020274,12,18,18,13,18,12,,X0052EHV6B,FBA19QHGWM04U000097,
151181,41,ARIZONA BFBC MOCCA,453916,5,4040714059204,809410059208,12,18,18,13,18,12,,X0052HPEVR,FBA19QHGWM04U000288,
51791,39,ARIZONA BF BLACK,453916,6,4013871020271,736399020274,12,18,18,13,18,12,,X0052EHV6B,FBA19QHGWM04U000098,
51791,40,ARIZONA BF BLACK,453916,7,4013871059691,736399059694,12,18,18,13,18,12,,X0054OCU8D,FBA19QHGWM04U000209,
129421,41,ARIZONA EVA BLACK,453916,8,4052001426484,886454426487,12,18,18,13,18,12,,X004IX6ZFP,FBA19QHGWM04U000520,
860131,37,BOSTON NU OILED HABANA,453916,9,4040714438139,809410438133,12,18,18,13,18,12,,X005BB0YCD,FBA19QHGWM04U000453,
51791,40,ARIZONA BF BLACK,453916,10,4013871059691,736399059694,12,18,18,13,18,12,,X0054OCU8D,FBA19QHGWM04U000210,
151181,39,ARIZONA BFBC MOCCA,453916,11,4040714059181,809410059185,12,18,18,13,18,12,,X004WEBIS9,FBA19QHGWM04U000251,
1029744,40,ARIZONA SB EVA SURF GREEN,453916,12,4067707144662,192762526116,12,18,18,13,18,,12,,,
151181,41,ARIZONA BFBC MOCCA,453916,13,4040714059204,809410059208,12,18,18,13,18,12,,X0052HPEVR,FBA19QHGWM04U000289,
51791,39,ARIZONA BF BLACK,453916,14,4013871020271,736399020274,12,18,18,13,18,12,,X0052EHV6B,FBA19QHGWM04U000099,
129421,42,ARIZONA EVA BLACK,453916,15,4052001426491,886454426494,12,18,18,13,18,12,,X004IX6XQV,FBA19QHGWM04U000525,
1029744,39,ARIZONA SB EVA SURF GREEN,453916,16,4067707144624,192762526086,12,18,18,13,18,,12,,,
151181,38,ARIZONA BFBC MOCCA,453916,17,4040714059174,809410059178,12,18,18,13,18,12,,X004QNRIK3,FBA19QHGWM04U000406,
151181,40,ARIZONA BFBC MOCCA,453916,18,4040714059198,809410059192,12,18,18,13,18,12,,X004WEF0PL,FBA19QHGWM04U000429,
51791,42,ARIZONA BF BLACK,453916,19,4013871023272,736399023275,12,18,18,13,18,12,,X0049PUDY1,FBA19QHGWM04U000366,
151181,39,ARIZONA BFBC MOCCA,453916,20,4040714059181,809410059185,12,18,18,13,18,12,,X004WEBIS9,FBA19QHGWM04U000252,
151181,39,ARIZONA BFBC MOCCA,453916,21,4040714059181,809410059185,12,18,18,13,18,12,,X004WEBIS9,FBA19QHGWM04U000253,
51791,42,ARIZONA BF BLACK,453916,22,4013871023272,736399023275,12,18,18,13,18,12,,X0049PUDY1,FBA19QHGWM04U000367,
51791,42,ARIZONA BF BLACK,453916,23,4013871023272,736399023275,12,18,18,13,18,12,,X0049PUDY1,FBA19QHGWM04U000368,
51791,42,ARIZONA BF BLACK,453916,24,4013871023272,736399023275,12,18,18,13,18,12,,X0049PUDY1,FBA19QHGWM04U000369,
860131,37,BOSTON NU OILED HABANA,453917,1,4040714438139,809410438133,12,18,18,13,18,12,,X005BB0YCD,FBA19QHGWM04U000454,
51791,42,ARIZONA BF BLACK,453917,2,4013871023272,736399023275,12,18,18,13,18,12,,X0049PUDY1,FBA19QHGWM04U000370,
151181,39,ARIZONA BFBC MOCCA,453917,3,4040714059181,809410059185,12,18,18,13,18,12,,X004WEBIS9,FBA19QHGWM04U000254,
127103,40,BOSTON EVA BLACK,453917,4,4052001652494,886454652497,12,18,18,13,18,12,,X004IX19X3,FBA19QHGWM04U000557,
151181,39,ARIZONA BFBC MOCCA,453917,5,4040714059181,809410059185,12,18,18,13,18,12,,X004WEBIS9,FBA19QHGWM04U000255,
151181,38,ARIZONA BFBC MOCCA,453917,6,4040714059174,809410059178,12,18,18,13,18,12,,X004QNRIK3,FBA19QHGWM04U000407,
51791,42,ARIZONA BF BLACK,453917,7,4013871023272,736399023275,12,18,18,13,18,12,,X0049PUDY1,FBA19QHGWM04U000371,
129443,41,ARIZONA EVA WHITE,453917,8,4052001424909,886454424902,12,18,18,13,18,12,,X004IX8D87,FBA19QHGWM04U000515,
51791,42,ARIZONA BF BLACK,453917,9,4013871023272,736399023275,12,18,18,13,18,12,,X0049PUDY1,FBA19QHGWM04U000372,
1032019,41,ARIZONA BFBC GRAY TAUPE,453917,10,4067707903504,192763097622,8,18,18,13,12,8,,X005BBG5FD,FBA19QHGWM04U000337,
1029744,37,ARIZONA SB EVA SURF GREEN,453917,11,4067707144549,192762526024,12,18,18,13,18,,12,,,
129421,41,ARIZONA EVA BLACK,453917,12,4052001426484,886454426487,12,18,18,13,18,12,,X004IX6ZFP,FBA19QHGWM04U000521,
51791,42,ARIZONA BF BLACK,453917,13,4013871023272,736399023275,12,18,18,13,18,12,,X0049PUDY1,FBA19QHGWM04U000373,
51791,39,ARIZONA BF BLACK,453917,14,4013871020271,736399020274,12,18,18,13,18,12,,X0052EHV6B,FBA19QHGWM04U000100,
151181,39,ARIZONA BFBC MOCCA,453917,15,4040714059181,809410059185,12,18,18,13,18,12,,X004WEBIS9,FBA19QHGWM04U000256,
151181,42,ARIZONA BFBC MOCCA,453917,16,4040714059211,809410059215,12,18,18,13,18,12,,X004WSV7TF,FBA19QHGWM04U000071,
127103,40,BOSTON EVA BLACK,453917,17,4052001652494,886454652497,12,18,18,13,18,12,,X004IX19X3,FBA19QHGWM04U000558,
860131,43,BOSTON NU OILED HABANA,453917,18,4040714438191,809410438195,8,18,18,13,12,,8,,,
1029744,39,ARIZONA SB EVA SURF GREEN,453917,19,4067707144624,192762526086,12,18,18,13,18,,12,,,
129421,43,ARIZONA EVA BLACK,453917,20,4052001426507,886454426500,8,18,18,13,12,8,,X004IXFTDJ,FBA19QHGWM04U000536,
1032019,39,ARIZONA BFBC GRAY TAUPE,453917,21,4067707903429,192763097561,12,18,18,13,18,,12,,,
129421,41,ARIZONA EVA BLACK,453917,22,4052001426484,886454426487,12,18,18,13,18,12,,X004IX6ZFP,FBA19QHGWM04U000522,
1032019,41,ARIZONA BFBC GRAY TAUPE,453917,23,4067707903504,192763097622,8,18,18,13,12,8,,X005BBG5FD,FBA19QHGWM04U000338,
151181,40,ARIZONA BFBC MOCCA,453917,24,4040714059198,809410059192,12,18,18,13,18,12,,X004WEF0PL,FBA19QHGWM04U000430,
51791,42,ARIZONA BF BLACK,453918,1,4013871023272,736399023275,12,18,18,13,18,12,,X0049PUDY1,FBA19QHGWM04U000374,
51791,42,ARIZONA BF BLACK,453918,2,4013871023272,736399023275,12,18,18,13,18,12,,X0049PUDY1,FBA19QHGWM04U000375,
51791,39,ARIZONA BF BLACK,453918,3,4013871020271,736399020274,12,18,18,13,18,12,,X0052EHV6B,FBA19QHGWM04U000101,
151181,40,ARIZONA BFBC MOCCA,453918,4,4040714059198,809410059192,12,18,18,13,18,12,,X004WEF0PL,FBA19QHGWM04U000431,
127103,38,BOSTON EVA BLACK,453918,5,4052001652470,886454652473,12,18,18,13,18,12,,X004IX4R9V,FBA19QHGWM04U000549,
1029744,41,ARIZONA SB EVA SURF GREEN,453918,6,4067707144709,192762526147,8,18,18,13,12,,8,,,
51791,39,ARIZONA BF BLACK,453918,7,4013871020271,736399020274,12,18,18,13,18,12,,X0052EHV6B,FBA19QHGWM04U000102,
51791,42,ARIZONA BF BLACK,453918,8,4013871023272,736399023275,12,18,18,13,18,12,,X0049PUDY1,FBA19QHGWM04U000376,
1032019,39,ARIZONA BFBC GRAY TAUPE,453918,9,4067707903429,192763097561,12,18,18,13,18,,12,,,
129443,38,ARIZONA EVA WHITE,453918,10,4052001424879,886454424872,12,18,18,13,18,12,,X004IWYE3L,FBA19QHGWM04U000502,
51791,42,ARIZONA BF BLACK,453918,11,4013871023272,736399023275,12,18,18,13,18,12,,X0049PUDY1,FBA19QHGWM04U000377,
129421,43,ARIZONA EVA BLACK,453918,12,4052001426507,886454426500,8,18,18,13,12,8,,X004IXFTDJ,FBA19QHGWM04U000537,
51791,39,ARIZONA BF BLACK,453918,13,4013871020271,736399020274,12,18,18,13,18,12,,X0052EHV6B,FBA19QHGWM04U000103,
51791,42,ARIZONA BF BLACK,453918,14,4013871023272,736399023275,12,18,18,13,18,12,,X0049PUDY1,FBA19QHGWM04U000378,
51791,42,ARIZONA BF BLACK,453918,15,4013871023272,736399023275,12,18,18,13,18,12,,X0049PUDY1,FBA19QHGWM04U000379,
860131,40,BOSTON NU OILED HABANA,453918,16,4040714438160,809410438164,12,18,18,13,18,12,,X005BBD5JH,FBA19QHGWM04U000465,
129423,38,ARIZONA EVA BLACK,453918,17,4052001424633,886454424636,12,18,18,13,18,12,,X004IX5KIX,FBA19QHGWM04U000489,
151181,41,ARIZONA BFBC MOCCA,453918,18,4040714059204,809410059208,12,18,18,13,18,12,,X0052HPEVR,FBA19QHGWM04U000290,
129421,43,ARIZONA EVA BLACK,453918,19,4052001426507,886454426500,8,18,18,13,12,8,,X004IXFTDJ,FBA19QHGWM04U000538,
129421,42,ARIZONA EVA BLACK,453918,20,4052001426491,886454426494,12,18,18,13,18,12,,X004IX6XQV,FBA19QHGWM04U000526,
151181,39,ARIZONA BFBC MOCCA,453918,21,4040714059181,809410059185,12,18,18,13,18,12,,X004WEBIS9,FBA19QHGWM04U000257,
129421,42,ARIZONA EVA BLACK,453918,22,4052001426491,886454426494,12,18,18,13,18,12,,X004IX6XQV,FBA19QHGWM04U000527,
1027382,40,BOSTON EVA EGGSHELL,453918,23,4066648349624,192761925354,12,18,18,13,18,12,,X004IWTJXV,FBA19QHGWM04U000319,
127103,38,BOSTON EVA BLACK,453918,24,4052001652470,886454652473,12,18,18,13,18,12,,X004IX4R9V,FBA19QHGWM04U000550,
860131,43,BOSTON NU OILED HABANA,453919,1,4040714438191,809410438195,8,18,18,13,12,,8,,,
129421,42,ARIZONA EVA BLACK,453919,2,4052001426491,886454426494,12,18,18,13,18,12,,X004IX6XQV,FBA19QHGWM04U000528,
151181,38,ARIZONA BFBC MOCCA,453919,3,4040714059174,809410059178,12,18,18,13,18,12,,X004QNRIK3,FBA19QHGWM04U000408,
151181,37,ARIZONA BFBC MOCCA,453919,4,4040714059167,809410059161,12,18,18,13,18,12,,X004WEFBWX,FBA19QHGWM04U000394,
1029744,41,ARIZONA SB EVA SURF GREEN,453919,5,4067707144709,192762526147,8,18,18,13,12,,8,,,
1031623,44,BOSTON LEVE OYSTER,453919,6,4067707730902,192762967568,8,18,18,13,12,,8,,,
129423,37,ARIZONA EVA BLACK,453919,7,4052001424626,886454424629,12,18,18,13,18,12,,X004IWNX6P,FBA19QHGWM04U000488,
151181,37,ARIZONA BFBC MOCCA,453919,8,4040714059167,809410059161,12,18,18,13,18,12,,X004WEFBWX,FBA19QHGWM04U000395,
1027382,39,BOSTON EVA EGGSHELL,453919,9,4066648349587,192761925323,12,18,18,13,18,12,,X004IX5K83,FBA19QHGWM04U000314,
151181,40,ARIZONA BFBC MOCCA,453919,10,4040714059198,809410059192,12,18,18,13,18,12,,X004WEF0PL,FBA19QHGWM04U000432,
151181,38,ARIZONA BFBC MOCCA,453919,11,4040714059174,809410059178,12,18,18,13,18,12,,X004QNRIK3,FBA19QHGWM04U000409,
151181,40,ARIZONA BFBC MOCCA,453919,12,4040714059198,809410059192,12,18,18,13,18,12,,X004WEF0PL,FBA19QHGWM04U000433,
129443,40,ARIZONA EVA WHITE,453919,13,4052001424893,886454424896,12,18,18,13,18,12,,X004IX6PF5,FBA19QHGWM04U000507,
860131,39,BOSTON NU OILED HABANA,453919,14,4040714438153,809410438157,12,18,18,13,18,12,,X005BBE3BB,FBA19QHGWM04U000460,
129443,38,ARIZONA EVA WHITE,453919,15,4052001424879,886454424872,12,18,18,13,18,12,,X004IWYE3L,FBA19QHGWM04U000503,
129443,39,ARIZONA EVA WHITE,453919,16,4052001424886,886454424889,12,18,18,13,18,12,,X004IWRXIT,FBA19QHGWM04U000504,
129443,39,ARIZONA EVA WHITE,453919,17,4052001424886,886454424889,12,18,18,13,18,12,,X004IWRXIT,FBA19QHGWM04U000505,
151211,42,ARIZONA BFBC STONE,453919,18,4013871744917,736399744910,12,18,18,13,18,12,,X0050NSX4D,FBA19QHGWM04U000034,8O-6TPB-HF1J 
127103,41,BOSTON EVA BLACK,453919,19,4052001652500,886454652503,4,18,18,13,6,4,,X004IX4G3N,FBA19QHGWM04U000570,
1027382,41,BOSTON EVA EGGSHELL,453919,20,4066648349662,192761925385,4,18,18,13,6,4,,X004IXJJUX,FBA19QHGWM04U000327,
1002314,43,BOSTON EVA BLACK,453919,21,4052605465865,886925336772,4,18,18,13,6,4,,X004IWQOGL,FBA19QHGWM04U000577,
1002314,43,BOSTON EVA BLACK,453919,22,4052605465865,886925336772,4,18,18,13,6,4,,X004IWQOGL,FBA19QHGWM04U000578,
1002314,43,BOSTON EVA BLACK,453919,23,4052605465865,886925336772,4,18,18,13,6,4,,X004IWQOGL,FBA19QHGWM04U000579,
1002314,43,BOSTON EVA BLACK,453919,24,4052605465865,886925336772,4,18,18,13,6,4,,X004IWQOGL,FBA19QHGWM04U000580,
860131,42,BOSTON NU OILED HABANA,453920,1,4040714438184,809410438188,8,18,18,13,12,8,,X005BB6D87,FBA19QHGWM04U000477,
151181,40,ARIZONA BFBC MOCCA,453920,2,4040714059198,809410059192,12,18,18,13,18,12,,X004WEF0PL,FBA19QHGWM04U000434,
151181,38,ARIZONA BFBC MOCCA,453920,3,4040714059174,809410059178,12,18,18,13,18,12,,X004QNRIK3,FBA19QHGWM04U000410,
151181,38,ARIZONA BFBC MOCCA,453920,4,4040714059174,809410059178,12,18,18,13,18,12,,X004QNRIK3,FBA19QHGWM04U000411,
151181,38,ARIZONA BFBC MOCCA,453920,5,4040714059174,809410059178,12,18,18,13,18,12,,X004QNRIK3,FBA19QHGWM04U000412,
151181,38,ARIZONA BFBC MOCCA,453920,6,4040714059174,809410059178,12,18,18,13,18,12,,X004QNRIK3,FBA19QHGWM04U000413,
151181,38,ARIZONA BFBC MOCCA,453920,7,4040714059174,809410059178,12,18,18,13,18,12,,X004QNRIK3,FBA19QHGWM04U000414,
129423,40,ARIZONA EVA BLACK,453920,8,4052001424657,886454424650,12,18,18,13,18,12,,X004IXFGSR,FBA19QHGWM04U000500,
860131,42,BOSTON NU OILED HABANA,453920,9,4040714438184,809410438188,8,18,18,13,12,8,,X005BB6D87,FBA19QHGWM04U000478,
1029744,41,ARIZONA SB EVA SURF GREEN,453920,10,4067707144709,192762526147,8,18,18,13,12,,8,,,
1027382,41,BOSTON EVA EGGSHELL,453920,11,4066648349662,192761925385,4,18,18,13,6,4,,X004IXJJUX,FBA19QHGWM04U000328,
1027382,41,BOSTON EVA EGGSHELL,453920,12,4066648349662,192761925385,4,18,18,13,6,4,,X004IXJJUX,FBA19QHGWM04U000329,
1002314,43,BOSTON EVA BLACK,453920,13,4052605465865,886925336772,4,18,18,13,6,4,,X004IWQOGL,FBA19QHGWM04U000581,
1027382,41,BOSTON EVA EGGSHELL,453920,14,4066648349662,192761925385,4,18,18,13,6,4,,X004IXJJUX,FBA19QHGWM04U000330,
1002314,45,BOSTON EVA BLACK,453920,15,4052605465902,886925336796,4,18,18,13,6,4,,X004IX1CWV,FBA19QHGWM04U000584,
1027382,41,BOSTON EVA EGGSHELL,453920,16,4066648349662,192761925385,4,18,18,13,6,4,,X004IXJJUX,FBA19QHGWM04U000331,
1002314,43,BOSTON EVA BLACK,453920,17,4052605465865,886925336772,4,18,18,13,6,4,,X004IWQOGL,FBA19QHGWM04U000582,
1002314,45,BOSTON EVA BLACK,453920,18,4052605465902,886925336796,4,18,18,13,6,4,,X004IX1CWV,FBA19QHGWM04U000585,
1002314,44,BOSTON EVA BLACK,453920,19,4052605465889,886925336789,4,18,18,13,6,4,,X004IXLYCJ,FBA19QHGWM04U000309,
1002314,45,BOSTON EVA BLACK,453920,20,4052605465902,886925336796,4,18,18,13,6,4,,X004IX1CWV,FBA19QHGWM04U000586,
151181,39,ARIZONA BFBC MOCCA,453920,21,4040714059181,809410059185,12,18,18,13,18,12,,X004WEBIS9,FBA19QHGWM04U000258,
1002314,44,BOSTON EVA BLACK,453920,22,4052605465889,886925336789,4,18,18,13,6,4,,X004IXLYCJ,FBA19QHGWM04U000310,
1002314,44,BOSTON EVA BLACK,453920,23,4052605465889,886925336789,4,18,18,13,6,4,,X004IXLYCJ,FBA19QHGWM04U000311,
1029744,41,ARIZONA SB EVA SURF GREEN,453920,24,4067707144709,192762526147,8,18,18,13,12,,8,,,
151181,41,ARIZONA BFBC MOCCA,453921,1,4040714059204,809410059208,12,18,18,13,18,12,,X0052HPEVR,FBA19QHGWM04U000291,
860131,43,BOSTON NU OILED HABANA,453921,2,4040714438191,809410438195,8,18,18,13,12,,8,,,
860131,43,BOSTON NU OILED HABANA,453921,3,4040714438191,809410438195,8,18,18,13,12,,8,,,
129421,44,ARIZONA EVA BLACK,453921,4,4052001426514,886454426517,8,18,18,13,12,8,,X004IWYKL7,FBA19QHGWM04U000545,
151181,38,ARIZONA BFBC MOCCA,453921,5,4040714059174,809410059178,12,18,18,13,18,12,,X004QNRIK3,FBA19QHGWM04U000415,
151181,38,ARIZONA BFBC MOCCA,453921,6,4040714059174,809410059178,12,18,18,13,18,12,,X004QNRIK3,FBA19QHGWM04U000416,
1029744,41,ARIZONA SB EVA SURF GREEN,453921,7,4067707144709,192762526147,8,18,18,13,12,,8,,,
151181,37,ARIZONA BFBC MOCCA,453921,8,4040714059167,809410059161,12,18,18,13,18,12,,X004WEFBWX,FBA19QHGWM04U000396,
860131,38,BOSTON NU OILED HABANA,453921,9,4040714438146,809410438140,12,18,18,13,18,12,,X005BBAQOT,FBA19QHGWM04U000458,
860131,41,BOSTON NU OILED HABANA,453921,10,4040714438177,809410438171,8,18,18,13,12,8,,X005BB9KOB,FBA19QHGWM04U000472,
151181,39,ARIZONA BFBC MOCCA,453921,11,4040714059181,809410059185,12,18,18,13,18,12,,X004WEBIS9,FBA19QHGWM04U000259,
151181,38,ARIZONA BFBC MOCCA,453921,12,4040714059174,809410059178,12,18,18,13,18,12,,X004QNRIK3,FBA19QHGWM04U000417,
151181,38,ARIZONA BFBC MOCCA,453921,13,4040714059174,809410059178,12,18,18,13,18,12,,X004QNRIK3,FBA19QHGWM04U000418,
1032019,43,ARIZONA BFBC GRAY TAUPE,453921,14,4067707903580,192763097684,4,18,18,13,6,4,,X005BBGBY3,FBA19QHGWM04U000348,
1032019,42,ARIZONA BFBC GRAY TAUPE,453921,14,4067707903542,192763097653,4,18,18,13,6,4,,X005BBB5NZ,FBA19QHGWM04U000343,
151181,40,ARIZONA BFBC MOCCA,453921,15,4040714059198,809410059192,12,18,18,13,18,12,,X004WEF0PL,FBA19QHGWM04U000435,
1031623,42,BOSTON LEVE OYSTER,453921,16,4067707730827,192762967506,8,18,18,13,12,,8,,,
151211,42,ARIZONA BFBC STONE,453921,17,4013871744917,736399744910,12,18,18,13,18,12,,X0050NSX4D,FBA19QHGWM04U000035,8O-6TPB-HF1J 
151181,37,ARIZONA BFBC MOCCA,453921,18,4040714059167,809410059161,12,18,18,13,18,12,,X004WEFBWX,FBA19QHGWM04U000397,
127103,39,BOSTON EVA BLACK,453921,19,4052001652487,886454652480,12,18,18,13,18,12,,X004IX7WLL,FBA19QHGWM04U000555,
151211,41,ARIZONA BFBC STONE,453921,20,4013871744900,736399744903,12,18,18,13,18,12,,X004WECW1B,FBA19QHGWM04U000225,
151211,42,ARIZONA BFBC STONE,453921,21,4013871744917,736399744910,12,18,18,13,18,12,,X0050NSX4D,FBA19QHGWM04U000036,8O-6TPB-HF1J 
151211,42,ARIZONA BFBC STONE,453921,22,4013871744917,736399744910,12,18,18,13,18,12,,X0050NSX4D,FBA19QHGWM04U000037,8O-6TPB-HF1J 
151211,42,ARIZONA BFBC STONE,453921,23,4013871744917,736399744910,12,18,18,13,18,12,,X0050NSX4D,FBA19QHGWM04U000038,8O-6TPB-HF1J 
151211,42,ARIZONA BFBC STONE,453921,24,4013871744917,736399744910,12,18,18,13,18,12,,X0050NSX4D,FBA19QHGWM04U000039,8O-6TPB-HF1J 
151211,42,ARIZONA BFBC STONE,453922,1,4013871744917,736399744910,12,18,18,13,18,12,,X0050NSX4D,FBA19QHGWM04U000040,8O-6TPB-HF1J 
151211,41,ARIZONA BFBC STONE,453922,2,4013871744900,736399744903,12,18,18,13,18,12,,X004WECW1B,FBA19QHGWM04U000226,
151211,42,ARIZONA BFBC STONE,453922,3,4013871744917,736399744910,12,18,18,13,18,12,,X0050NSX4D,FBA19QHGWM04U000041,8O-6TPB-HF1J 
151211,42,ARIZONA BFBC STONE,453922,4,4013871744917,736399744910,12,18,18,13,18,12,,X0050NSX4D,FBA19QHGWM04U000042,8O-6TPB-HF1J 
51791,41,ARIZONA BF BLACK,453922,5,4013871021247,736399021240,12,18,18,13,18,12,,X0052EKNM5,FBA19QHGWM04U000139,
151211,42,ARIZONA BFBC STONE,453922,6,4013871744917,736399744910,12,18,18,13,18,12,,X0050NSX4D,FBA19QHGWM04U000043,8O-6TPB-HF1J 
151211,41,ARIZONA BFBC STONE,453922,7,4013871744900,736399744903,12,18,18,13,18,12,,X004WECW1B,FBA19QHGWM04U000227,
860131,40,BOSTON NU OILED HABANA,453922,8,4040714438160,809410438164,12,18,18,13,18,12,,X005BBD5JH,FBA19QHGWM04U000466,
127103,41,BOSTON EVA BLACK,453922,9,4052001652500,886454652503,4,18,18,13,6,4,,X004IX4G3N,FBA19QHGWM04U000571,
51791,43,ARIZONA BF BLACK,453922,10,4013871027591,736399027594,12,18,18,13,18,12,,X0052EJCIV,FBA19QHGWM04U000167,
151181,40,ARIZONA BFBC MOCCA,453922,11,4040714059198,809410059192,12,18,18,13,18,12,,X004WEF0PL,FBA19QHGWM04U000436,
151181,40,ARIZONA BFBC MOCCA,453922,12,4040714059198,809410059192,12,18,18,13,18,12,,X004WEF0PL,FBA19QHGWM04U000437,
51791,43,ARIZONA BF BLACK,453922,13,4013871027591,736399027594,12,18,18,13,18,12,,X0052EJCIV,FBA19QHGWM04U000168,
151181,40,ARIZONA BFBC MOCCA,453922,14,4040714059198,809410059192,12,18,18,13,18,12,,X004WEF0PL,FBA19QHGWM04U000438,
151211,41,ARIZONA BFBC STONE,453922,15,4013871744900,736399744903,12,18,18,13,18,12,,X004WECW1B,FBA19QHGWM04U000228,
151211,41,ARIZONA BFBC STONE,453922,16,4013871744900,736399744903,12,18,18,13,18,12,,X004WECW1B,FBA19QHGWM04U000229,
151211,42,ARIZONA BFBC STONE,453922,17,4013871744917,736399744910,12,18,18,13,18,12,,X0050NSX4D,FBA19QHGWM04U000044,8O-6TPB-HF1J 
1027382,40,BOSTON EVA EGGSHELL,453922,18,4066648349624,192761925354,12,18,18,13,18,12,,X004IWTJXV,FBA19QHGWM04U000320,
151211,41,ARIZONA BFBC STONE,453922,19,4013871744900,736399744903,12,18,18,13,18,12,,X004WECW1B,FBA19QHGWM04U000230,
1002314,43,BOSTON EVA BLACK,453922,20,4052605465865,886925336772,4,18,18,13,6,4,,X004IWQOGL,FBA19QHGWM04U000583,
1029744,38,ARIZONA SB EVA SURF GREEN,453922,21,4067707144587,192762526055,12,18,18,13,18,12,,X005BAUZT1,FBA19QHGWM04U000333,
127103,38,BOSTON EVA BLACK,453922,22,4052001652470,886454652473,12,18,18,13,18,12,,X004IX4R9V,FBA19QHGWM04U000551,
151211,42,ARIZONA BFBC STONE,453922,23,4013871744917,736399744910,12,18,18,13,18,12,,X0050NSX4D,FBA19QHGWM04U000045,8O-6TPB-HF1J 
151211,42,ARIZONA BFBC STONE,453922,24,4013871744917,736399744910,12,18,18,13,18,12,,X0050NSX4D,FBA19QHGWM04U000046,8O-6TPB-HF1J 
151211,42,ARIZONA BFBC STONE,453923,1,4013871744917,736399744910,12,18,18,13,18,12,,X0050NSX4D,FBA19QHGWM04U000047,8O-6TPB-HF1J 
51791,43,ARIZONA BF BLACK,453923,2,4013871027591,736399027594,12,18,18,13,18,12,,X0052EJCIV,FBA19QHGWM04U000169,
51791,43,ARIZONA BF BLACK,453923,3,4013871027591,736399027594,12,18,18,13,18,12,,X0052EJCIV,FBA19QHGWM04U000170,
51791,43,ARIZONA BF BLACK,453923,4,4013871027591,736399027594,12,18,18,13,18,12,,X0052EJCIV,FBA19QHGWM04U000171,
51791,43,ARIZONA BF BLACK,453923,5,4013871027591,736399027594,12,18,18,13,18,12,,X0052EJCIV,FBA19QHGWM04U000172,
151181,40,ARIZONA BFBC MOCCA,453923,6,4040714059198,809410059192,12,18,18,13,18,12,,X004WEF0PL,FBA19QHGWM04U000439,
151181,40,ARIZONA BFBC MOCCA,453923,7,4040714059198,809410059192,12,18,18,13,18,12,,X004WEF0PL,FBA19QHGWM04U000440,
51791,43,ARIZONA BF BLACK,453923,8,4013871027591,736399027594,12,18,18,13,18,12,,X0052EJCIV,FBA19QHGWM04U000173,
151181,40,ARIZONA BFBC MOCCA,453923,9,4040714059198,809410059192,12,18,18,13,18,12,,X004WEF0PL,FBA19QHGWM04U000441,
51791,43,ARIZONA BF BLACK,453923,10,4013871027591,736399027594,12,18,18,13,18,12,,X0052EJCIV,FBA19QHGWM04U000174,
51791,43,ARIZONA BF BLACK,453923,11,4013871027591,736399027594,12,18,18,13,18,12,,X0052EJCIV,FBA19QHGWM04U000175,
51791,43,ARIZONA BF BLACK,453923,12,4013871027591,736399027594,12,18,18,13,18,12,,X0052EJCIV,FBA19QHGWM04U000176,
51791,43,ARIZONA BF BLACK,453923,13,4013871027591,736399027594,12,18,18,13,18,12,,X0052EJCIV,FBA19QHGWM04U000177,
51791,43,ARIZONA BF BLACK,453923,14,4013871027591,736399027594,12,18,18,13,18,12,,X0052EJCIV,FBA19QHGWM04U000178,
51791,43,ARIZONA BF BLACK,453923,15,4013871027591,736399027594,12,18,18,13,18,12,,X0052EJCIV,FBA19QHGWM04U000179,
151181,40,ARIZONA BFBC MOCCA,453923,16,4040714059198,809410059192,12,18,18,13,18,12,,X004WEF0PL,FBA19QHGWM04U000442,
151181,40,ARIZONA BFBC MOCCA,453923,17,4040714059198,809410059192,12,18,18,13,18,12,,X004WEF0PL,FBA19QHGWM04U000443,
151181,40,ARIZONA BFBC MOCCA,453923,18,4040714059198,809410059192,12,18,18,13,18,12,,X004WEF0PL,FBA19QHGWM04U000444,
151181,40,ARIZONA BFBC MOCCA,453923,19,4040714059198,809410059192,12,18,18,13,18,12,,X004WEF0PL,FBA19QHGWM04U000445,
151181,40,ARIZONA BFBC MOCCA,453923,20,4040714059198,809410059192,12,18,18,13,18,12,,X004WEF0PL,FBA19QHGWM04U000446,
51791,43,ARIZONA BF BLACK,453923,21,4013871027591,736399027594,12,18,18,13,18,12,,X0052EJCIV,FBA19QHGWM04U000180,
151181,40,ARIZONA BFBC MOCCA,453923,22,4040714059198,809410059192,12,18,18,13,18,12,,X004WEF0PL,FBA19QHGWM04U000447,
151181,40,ARIZONA BFBC MOCCA,453923,23,4040714059198,809410059192,12,18,18,13,18,12,,X004WEF0PL,FBA19QHGWM04U000448,
151181,40,ARIZONA BFBC MOCCA,453923,24,4040714059198,809410059192,12,18,18,13,18,12,,X004WEF0PL,FBA19QHGWM04U000449,
151211,41,ARIZONA BFBC STONE,453924,1,4013871744900,736399744903,12,18,18,13,18,12,,X004WECW1B,FBA19QHGWM04U000231,
151211,41,ARIZONA BFBC STONE,453924,2,4013871744900,736399744903,12,18,18,13,18,12,,X004WECW1B,FBA19QHGWM04U000232,
151211,41,ARIZONA BFBC STONE,453924,3,4013871744900,736399744903,12,18,18,13,18,12,,X004WECW1B,FBA19QHGWM04U000233,
151211,42,ARIZONA BFBC STONE,453924,4,4013871744917,736399744910,12,18,18,13,18,12,,X0050NSX4D,FBA19QHGWM04U000048,8O-6TPB-HF1J 
151211,41,ARIZONA BFBC STONE,453924,5,4013871744900,736399744903,12,18,18,13,18,12,,X004WECW1B,FBA19QHGWM04U000234,
151181,40,ARIZONA BFBC MOCCA,453924,6,4040714059198,809410059192,12,18,18,13,18,12,,X004WEF0PL,FBA19QHGWM04U000450,
151181,40,ARIZONA BFBC MOCCA,453924,7,4040714059198,809410059192,12,18,18,13,18,12,,X004WEF0PL,FBA19QHGWM04U000451,
151181,40,ARIZONA BFBC MOCCA,453924,8,4040714059198,809410059192,12,18,18,13,18,12,,X004WEF0PL,FBA19QHGWM04U000452,
151211,42,ARIZONA BFBC STONE,453924,9,4013871744917,736399744910,12,18,18,13,18,12,,X0050NSX4D,FBA19QHGWM04U000049,8O-6TPB-HF1J 
151211,42,ARIZONA BFBC STONE,453924,10,4013871744917,736399744910,12,18,18,13,18,12,,X0050NSX4D,FBA19QHGWM04U000050,8O-6TPB-HF1J 
151211,41,ARIZONA BFBC STONE,453924,11,4013871744900,736399744903,12,18,18,13,18,12,,X004WECW1B,FBA19QHGWM04U000235,
151211,41,ARIZONA BFBC STONE,453924,12,4013871744900,736399744903,12,18,18,13,18,12,,X004WECW1B,FBA19QHGWM04U000236,
1031623,43,BOSTON LEVE OYSTER,453924,13,4067707730865,192762967537,4,18,18,13,6,,4,,,
1031623,42,BOSTON LEVE OYSTER,453924,13,4067707730827,192762967506,4,18,18,13,6,,4,,,
1029744,41,ARIZONA SB EVA SURF GREEN,453924,14,4067707144709,192762526147,3,18,18,13,"4,5",,3,,,
1031623,44,BOSTON LEVE OYSTER,453924,14,4067707730902,192762967568,1,18,18,13,"1,5",,1,,,
51791,41,ARIZONA BF BLACK,453924,14,4013871021247,736399021240,3,18,18,13,"4,5",3,,X0052EKNM5,FBA19QHGWM04U000113,
51791,41,ARIZONA BF BLACK,453924,14,4013871021247,736399021240,3,18,18,13,"4,5",3,,X0052EKNM5,FBA19QHGWM04U000114,
860131,44,BOSTON NU OILED HABANA,453924,15,4040714438207,809410438201,8,18,18,13,12,8,,X005BBDGX7,FBA19QHGWM04U000481,
51791,41,ARIZONA BF BLACK,453924,16,4013871021247,736399021240,1,18,18,13,"1,5",1,,X0052EKNM5,FBA19QHGWM04U000140,
860131,42,BOSTON NU OILED HABANA,453924,16,4040714438184,809410438188,4,18,18,13,6,4,,X005BB6D87,FBA19QHGWM04U000480,
129423,38,ARIZONA EVA BLACK,453924,16,4052001424633,886454424636,5,18,18,13,"7,5",5,,X004IX5KIX,FBA19QHGWM04U000492,
129423,38,ARIZONA EVA BLACK,453924,17,4052001424633,886454424636,4,18,18,13,6,4,,X004IX5KIX,FBA19QHGWM04U000490,
1031623,44,BOSTON LEVE OYSTER,453924,17,4067707730902,192762967568,3,18,18,13,"4,5",,3,,,
1027382,40,BOSTON EVA EGGSHELL,453924,17,4066648349624,192761925354,3,18,18,13,"4,5",3,,X004IWTJXV,FBA19QHGWM04U000316,
1027382,40,BOSTON EVA EGGSHELL,453924,18,4066648349624,192761925354,3,18,18,13,"4,5",3,,X004IWTJXV,FBA19QHGWM04U000317,
129443,40,ARIZONA EVA WHITE,453924,18,4052001424893,886454424896,3,18,18,13,"4,5",3,,X004IX6PF5,FBA19QHGWM04U000509,
129423,38,ARIZONA EVA BLACK,453924,18,4052001424633,886454424636,1,18,18,13,"1,5",1,,X004IX5KIX,FBA19QHGWM04U000491,
860131,45,BOSTON NU OILED HABANA,453924,18,4040714438214,809410438218,1,18,18,13,"1,5",1,,X005BB81IH,FBA19QHGWM04U000484,
129443,40,ARIZONA EVA WHITE,453924,18,4052001424893,886454424896,3,18,18,13,"4,5",3,,X004IX6PF5,FBA19QHGWM04U000510,
1031623,38,BOSTON LEVE OYSTER,453924,19,4067707730667,192762967384,12,18,18,13,18,,12,,,
1027382,41,BOSTON EVA EGGSHELL,453924,20,4066648349662,192761925385,2,18,18,13,3,2,,X004IXJJUX,FBA19QHGWM04U000321,
860131,45,BOSTON NU OILED HABANA,453924,20,4040714438214,809410438218,1,18,18,13,"1,5",1,,X005BB81IH,FBA19QHGWM04U000485,
1031623,41,BOSTON LEVE OYSTER,453924,20,4067707730780,192762967476,1,18,18,13,"1,5",,1,,,
860131,45,BOSTON NU OILED HABANA,453924,21,4040714438214,809410438218,8,18,18,13,12,8,,X005BB81IH,FBA19QHGWM04U000486,
1031623,41,BOSTON LEVE OYSTER,453924,22,4067707730780,192762967476,3,18,18,13,"4,5",,3,,,
860131,44,BOSTON NU OILED HABANA,453924,23,4040714438207,809410438201,8,18,18,13,12,8,,X005BBDGX7,FBA19QHGWM04U000482,
860131,44,BOSTON NU OILED HABANA,453924,24,4040714438207,809410438201,8,18,18,13,12,8,,X005BBDGX7,FBA19QHGWM04U000483,
1031623,41,BOSTON LEVE OYSTER,453925,1,4067707730780,192762967476,8,18,18,13,12,,8,,,
51791,40,ARIZONA BF BLACK,453925,2,4013871059691,736399059694,2,18,18,13,3,2,,X0054OCU8D,FBA19QHGWM04U000181,
1029744,38,ARIZONA SB EVA SURF GREEN,453925,2,4067707144587,192762526055,3,18,18,13,"4,5",3,,X005BAUZT1,FBA19QHGWM04U000335,
1029744,41,ARIZONA SB EVA SURF GREEN,453925,3,4067707144709,192762526147,1,18,18,13,"1,5",,1,,,
1031623,41,BOSTON LEVE OYSTER,453925,3,4067707730780,192762967476,8,18,18,13,12,,8,,,
129421,43,ARIZONA EVA BLACK,453925,4,4052001426507,886454426500,5,18,18,13,"7,5",5,,X004IXFTDJ,FBA19QHGWM04U000539,
1029744,38,ARIZONA SB EVA SURF GREEN,453925,5,4067707144587,192762526055,6,18,18,13,9,6,,X005BAUZT1,FBA19QHGWM04U000334,
129443,41,ARIZONA EVA WHITE,453925,5,4052001424909,886454424902,5,18,18,13,"7,5",5,,X004IX8D87,FBA19QHGWM04U000511,
129443,41,ARIZONA EVA WHITE,453925,5,4052001424909,886454424902,1,18,18,13,"1,5",1,,X004IX8D87,FBA19QHGWM04U000512,
151211,41,ARIZONA BFBC STONE,453925,6,4013871744900,736399744903,12,18,18,13,18,12,,X004WECW1B,FBA19QHGWM04U000237,
51791,42,ARIZONA BF BLACK,454002,1,4013871023272,736399023275,12,18,18,13,18,12,,X0049PUDY1,FBA19QHGWM04U000380,
1031623,40,BOSTON LEVE OYSTER,454002,2,4067707730742,192762967445,8,18,18,13,12,,8,,,
1032019,42,ARIZONA BFBC GRAY TAUPE,454002,3,4067707903542,192763097653,8,18,18,13,12,8,,X005BBB5NZ,FBA19QHGWM04U000340,
860131,42,BOSTON NU OILED HABANA,454002,4,4040714438184,809410438188,8,18,18,13,12,8,,X005BB6D87,FBA19QHGWM04U000479,
51791,39,ARIZONA BF BLACK,454002,5,4013871020271,736399020274,12,18,18,13,18,12,,X0052EHV6B,FBA19QHGWM04U000104,
860131,39,BOSTON NU OILED HABANA,454002,6,4040714438153,809410438157,12,18,18,13,18,12,,X005BBE3BB,FBA19QHGWM04U000461,
51791,39,ARIZONA BF BLACK,454002,7,4013871020271,736399020274,12,18,18,13,18,12,,X0052EHV6B,FBA19QHGWM04U000105,
129443,40,ARIZONA EVA WHITE,454002,8,4052001424893,886454424896,12,18,18,13,18,12,,X004IX6PF5,FBA19QHGWM04U000508,
151181,39,ARIZONA BFBC MOCCA,454002,9,4040714059181,809410059185,12,18,18,13,18,12,,X004WEBIS9,FBA19QHGWM04U000260,
51791,39,ARIZONA BF BLACK,454002,10,4013871020271,736399020274,12,18,18,13,18,12,,X0052EHV6B,FBA19QHGWM04U000106,
1029744,41,ARIZONA SB EVA SURF GREEN,454002,11,4067707144709,192762526147,8,18,18,13,12,,8,,,
151181,38,ARIZONA BFBC MOCCA,454002,12,4040714059174,809410059178,12,18,18,13,18,12,,X004QNRIK3,FBA19QHGWM04U000419,
1029744,40,ARIZONA SB EVA SURF GREEN,454002,13,4067707144662,192762526116,12,18,18,13,18,,12,,,
151181,41,ARIZONA BFBC MOCCA,454002,14,4040714059204,809410059208,12,18,18,13,18,12,,X0052HPEVR,FBA19QHGWM04U000292,
51791,42,ARIZONA BF BLACK,454002,15,4013871023272,736399023275,12,18,18,13,18,12,,X0049PUDY1,FBA19QHGWM04U000381,
51791,39,ARIZONA BF BLACK,454002,16,4013871020271,736399020274,12,18,18,13,18,12,,X0052EHV6B,FBA19QHGWM04U000107,
151181,39,ARIZONA BFBC MOCCA,454002,17,4040714059181,809410059185,12,18,18,13,18,12,,X004WEBIS9,FBA19QHGWM04U000261,
127103,37,BOSTON EVA BLACK,454002,18,4052001652463,886454652466,12,18,18,13,18,12,,X004IX7X01,FBA19QHGWM04U000546,
51791,39,ARIZONA BF BLACK,454002,19,4013871020271,736399020274,12,18,18,13,18,12,,X0052EHV6B,FBA19QHGWM04U000108,
151181,39,ARIZONA BFBC MOCCA,454002,20,4040714059181,809410059185,12,18,18,13,18,12,,X004WEBIS9,FBA19QHGWM04U000262,
51791,42,ARIZONA BF BLACK,454002,21,4013871023272,736399023275,12,18,18,13,18,12,,X0049PUDY1,FBA19QHGWM04U000382,
51791,39,ARIZONA BF BLACK,454002,22,4013871020271,736399020274,12,18,18,13,18,12,,X0052EHV6B,FBA19QHGWM04U000109,
129423,39,ARIZONA EVA BLACK,454002,23,4052001424640,886454424643,12,18,18,13,18,12,,X004IWYRM9,FBA19QHGWM04U000496,
860131,43,BOSTON NU OILED HABANA,454002,24,4040714438191,809410438195,8,18,18,13,12,,8,,,
51791,39,ARIZONA BF BLACK,454003,1,4013871020271,736399020274,12,18,18,13,18,12,,X0052EHV6B,FBA19QHGWM04U000110,
1032019,43,ARIZONA BFBC GRAY TAUPE,454003,2,4067707903580,192763097684,8,18,18,13,12,8,,X005BBGBY3,FBA19QHGWM04U000347,
1031623,39,BOSTON LEVE OYSTER,454003,3,4067707730704,192762967414,12,18,18,13,18,,12,,,
151181,38,ARIZONA BFBC MOCCA,454003,4,4040714059174,809410059178,12,18,18,13,18,12,,X004QNRIK3,FBA19QHGWM04U000420,
51791,42,ARIZONA BF BLACK,454003,5,4013871023272,736399023275,12,18,18,13,18,12,,X0049PUDY1,FBA19QHGWM04U000383,
1032019,37,ARIZONA BFBC GRAY TAUPE,454003,6,4067707903344,192763097509,12,18,18,13,18,,12,,,
51791,42,ARIZONA BF BLACK,454003,7,4013871023272,736399023275,12,18,18,13,18,12,,X0049PUDY1,FBA19QHGWM04U000384,
1029744,40,ARIZONA SB EVA SURF GREEN,454003,8,4067707144662,192762526116,12,18,18,13,18,,12,,,
151181,38,ARIZONA BFBC MOCCA,454003,9,4040714059174,809410059178,12,18,18,13,18,12,,X004QNRIK3,FBA19QHGWM04U000421,
51791,42,ARIZONA BF BLACK,454003,10,4013871023272,736399023275,12,18,18,13,18,12,,X0049PUDY1,FBA19QHGWM04U000385,
51791,42,ARIZONA BF BLACK,454003,11,4013871023272,736399023275,12,18,18,13,18,12,,X0049PUDY1,FBA19QHGWM04U000386,
51791,39,ARIZONA BF BLACK,454003,12,4013871020271,736399020274,12,18,18,13,18,12,,X0052EHV6B,FBA19QHGWM04U000111,
1027382,39,BOSTON EVA EGGSHELL,454003,13,4066648349587,192761925323,12,18,18,13,18,12,,X004IX5K83,FBA19QHGWM04U000315,
860131,39,BOSTON NU OILED HABANA,454003,14,4040714438153,809410438157,12,18,18,13,18,12,,X005BBE3BB,FBA19QHGWM04U000462,
51791,42,ARIZONA BF BLACK,454003,15,4013871023272,736399023275,12,18,18,13,18,12,,X0049PUDY1,FBA19QHGWM04U000387,
1032019,42,ARIZONA BFBC GRAY TAUPE,454003,16,4067707903542,192763097653,8,18,18,13,12,8,,X005BBB5NZ,FBA19QHGWM04U000341,
127103,37,BOSTON EVA BLACK,454003,17,4052001652463,886454652466,12,18,18,13,18,12,,X004IX7X01,FBA19QHGWM04U000547,
51791,42,ARIZONA BF BLACK,454003,18,4013871023272,736399023275,12,18,18,13,18,12,,X0049PUDY1,FBA19QHGWM04U000388,
1032019,42,ARIZONA BFBC GRAY TAUPE,454003,19,4067707903542,192763097653,8,18,18,13,12,8,,X005BBB5NZ,FBA19QHGWM04U000342,
51791,39,ARIZONA BF BLACK,454003,20,4013871020271,736399020274,12,18,18,13,18,12,,X0052EHV6B,FBA19QHGWM04U000112,
129421,42,ARIZONA EVA BLACK,454003,21,4052001426491,886454426494,12,18,18,13,18,12,,X004IX6XQV,FBA19QHGWM04U000529,
1029744,39,ARIZONA SB EVA SURF GREEN,454003,22,4067707144624,192762526086,12,18,18,13,18,,12,,,
151181,38,ARIZONA BFBC MOCCA,454003,23,4040714059174,809410059178,12,18,18,13,18,12,,X004QNRIK3,FBA19QHGWM04U000422,
127103,40,BOSTON EVA BLACK,454003,24,4052001652494,886454652497,12,18,18,13,18,12,,X004IX19X3,FBA19QHGWM04U000559,
,,,,,,,6747,,,,,6223,524,,,
,,,,,,,,,,,,,,,,
,,,,,,,,,,,,,,,,
Box,630,,,,,,,,,,,,,,,
Weight,"4190,5",,,,,,,,,,,,,,,
CBM,"44,5",,,,,,,,,,,,,,,